draw,production_kgco2e
0,4008.436019172799
1,4011.972385873193
2,4290.295341599926
3,3462.576918336409
4,4183.1295403271
5,3721.9682854334715
6,3651.44152709425
7,4207.601921083231
8,3667.5700728065276
9,3816.4286433200577
10,3791.836946738087
11,4178.499099570583
12,3721.7698939434385
13,3951.994081478207
14,4134.2675583121945
15,3832.0989988998545
16,4471.201002438188
17,4231.922011056689
18,4440.9321277637855
19,3960.1374836652676
20,4227.490323205508
21,3729.347191452287
22,3624.759256987514
23,4369.47371554487
24,3830.7927368574456
25,3937.773615089295
26,4432.060880389444
27,4080.318339588586
28,3774.8599915962104
29,4059.5868545728727
30,4090.3679008859044
31,3887.226294259557
32,3953.3983486661937
33,3786.8708317610135
34,4098.946896209058
35,4389.121467127194
36,4181.720981296019
37,4180.373468205307
38,4104.87364642218
39,3907.832212260395
40,3855.424297509778
41,4056.3228371466885
42,3661.555037825039
43,3524.5724222843464
44,4298.267199926588
45,3795.5887002129425
46,3957.6558716353356
47,4104.867706433715
48,4027.58358652637
49,4288.0142121743465
50,3961.2953658620386
51,4076.5784541899156
52,4042.1669950173127
53,4188.717301484361
54,3898.655478216363
55,4041.9228268141096
56,3954.69315097287
57,4105.0776138567135
58,4083.9922436935767
59,3560.8987845181846
60,4337.292368144208
61,3744.224751248796
62,4075.5796232921393
63,4150.674850541634
64,3854.3560148179176
65,4140.088669758084
66,3984.803375905841
67,4114.366782389499
68,4018.6082888237465
69,3978.7508958681456
70,3909.5874922510116
71,4501.710413808776
72,4229.641793078015
73,4218.666650723287
74,4100.073357564326
75,4052.0936874205877
76,4077.744845132976
77,4144.847489880291
78,3985.978037878831
79,4222.0154955429325
80,4042.1757335729626
81,3652.690540615376
82,4051.998725033276
83,4141.717378475545
84,3754.6656264133417
85,3481.8810435936384
86,4194.038679347427
87,4421.43006056159
88,3663.3007714917
89,4312.185409303328
90,3939.315043950733
91,4297.400627178028
92,3760.802501862412
93,4106.716127934436
94,4295.725989149199
95,3699.68316114543
96,3865.901228355137
97,4266.855609797367
98,4116.134093420508
99,4111.568299169196
100,3725.718988633418
101,4144.2362561721475
102,4297.991921880736
103,4326.877853682868
104,4080.201981594003
105,3614.276305592007
106,4213.454301428452
107,4177.835144008874
108,3707.8107554330772
109,4387.377257040295
110,4253.186597085494
111,4178.432373541424
112,3813.63564349643
113,4142.059541124205
114,3916.955941944881
115,4092.1029825063097
116,3531.5455088381686
117,4336.555329768942
118,4017.420083256546
119,3647.442920250629
120,4211.924887258598
121,4013.816273785281
122,3831.469897485491
123,4063.7501516753828
124,4307.3791954113985
125,4358.709433511021
126,3976.7746831409154
127,4084.8927802871613
128,4412.190905034086
129,4345.712097432541
130,3672.837521332721
131,3736.6892843218975
132,3917.733240148712
133,3551.7968447839125
134,3799.692721698625
135,4417.126577525306
136,4042.9651910440216
137,3894.012840980541
138,4050.6829761056915
139,4083.7969971870366
140,3789.825625270899
141,4275.779282625376
142,4440.834190604521
143,4630.2355968286065
144,4377.839141000357
145,3815.380057664452
146,4405.886476831354
147,3664.2170892986974
148,4386.406582108012
149,3570.0135668253197
150,3663.6835463442126
151,3676.2498724828984
152,3481.747836049093
153,4141.934825796266
154,3388.880465491005
155,4099.716082341043
156,3676.746057175135
157,4048.4039244434834
158,3583.29143402673
159,3935.106380282932
160,3995.0640418866888
161,4434.89517240144
162,3994.04302824735
163,3801.4087466695064
164,4260.221327806487
165,3622.280245011859
166,3948.6885263760187
167,4357.2573362184485
168,4067.291010998453
169,4167.037999448685
170,4014.8640954124226
171,3270.4207496759273
172,4366.03350409482
173,4092.7111748128373
174,3902.6035507349216
175,3845.9281784868235
176,3883.9960852746303
177,3833.6675684633983
178,4193.481144636422
179,3623.6921509743133
180,4136.031731835117
181,3980.856173816327
182,3762.726220383935
183,4375.609988357172
184,4215.877599911357
185,3591.4518898840306
186,3674.132313805637
187,4268.609383582631
188,3871.1910607191667
189,3951.1620330045184
190,3866.93970349723
191,4248.719838332312
192,3899.68907745633
193,3953.2810687453957
194,3833.6204202653716
195,3833.2273197738277
196,3970.7543213466083
197,4034.2724179774723
198,3921.8323576180114
199,3962.2175533083764
200,3539.11823760056
201,4010.248853855346
202,4050.5327932240607
203,3453.2587240394832
204,4231.905934745992
205,4241.772839460478
206,4155.984300601316
207,3246.3107227405635
208,4414.249468355925
209,4199.977038755151
210,3801.6349488209107
211,4067.4037557892175
212,3985.7937594736068
213,3967.048949547513
214,3699.0125439211633
215,4172.311547106708
216,3906.4755326025424
217,4342.898249897084
218,4226.181223847411
219,3900.6556305648805
220,4271.891720720725
221,4360.316503589818
222,4053.109545511812
223,3342.636457078154
224,4002.086896712508
225,3861.305135221349
226,4145.358825276007
227,4519.694835986411
228,4094.241612966597
229,3790.7513892512034
230,4540.464126291076
231,4089.1129803679733
232,4138.3857044027245
233,4070.9335019437676
234,3891.07373019684
235,3990.9374778656006
236,3863.262848251773
237,3629.0506382628664
238,4130.004357288955
239,4350.608349862892
240,4369.394426157073
241,4034.2694414394928
242,4271.005766699376
243,3962.746405309076
244,3548.393881093214
245,3973.5391333052003
246,3876.447792008702
247,4157.904681094302
248,3671.7615559175274
249,4049.729413621678
250,3895.794430519136
251,4127.3149667960915
252,3778.788749470483
253,3797.884326667221
254,4085.8046175437075
255,4288.785987990373
256,4640.075426048654
257,3693.1387728800955
258,3837.444077703806
259,4526.086763259349
260,3812.694413236258
261,4620.777509127084
262,3928.7897686728365
263,4699.90855930641
264,4000.7789159662957
265,3883.3409422587774
266,4114.9916977172625
267,3573.595867831151
268,3666.2029155743357
269,3990.922977995773
270,3738.5555473026316
271,4042.455111105922
272,4353.683221250344
273,3994.5892041729503
274,3837.0010512289423
275,3940.7166183879785
276,3463.913640871219
277,3960.540301480247
278,4121.271893195089
279,4444.278515521171
280,4130.513265325395
281,3979.133278845783
282,3837.5819956893934
283,4105.5046315962545
284,4045.696791858079
285,4080.2636940706625
286,4282.004423883273
287,4195.2077844911855
288,4048.1113401771227
289,3660.7735796452625
290,3604.883710963747
291,3890.1096879409506
292,3649.531687264594
293,4263.537397567774
294,4171.715197806282
295,4162.756155244897
296,3948.819021998373
297,4084.608449275602
298,4204.694185478128
299,4603.943898987818
300,4274.614285450434
301,3756.1413290194273
302,3976.7372071499453
303,4043.7449354818987
304,4115.151774019358
305,4304.065210084454
306,4122.30457743174
307,4253.495492798731
308,4087.8933560197574
309,4172.279159870391
310,3749.73421586614
311,3701.5351212175965
312,4012.584263096858
313,3581.9503519382224
314,3794.4248885670945
315,4380.0171928444415
316,4332.24898126961
317,4191.245849104001
318,4040.614324315022
319,3646.7799362324104
320,3985.2655464750947
321,4582.3255460954315
322,4131.23401046626
323,3973.9522079520784
324,4110.985566172492
325,4046.888531659244
326,4361.54326782088
327,4098.148714094714
328,3944.4194667520096
329,3900.6062251741287
330,3837.6408441452204
331,3835.010258025469
332,3565.812875252858
333,4096.944110152048
334,4117.915041659478
335,4369.839455806289
336,4100.777788520207
337,3643.9893350828047
338,3727.565711897701
339,3805.7036116877125
340,4389.688759804658
341,4075.1945660452457
342,3802.777082814562
343,3794.5103947808598
344,3825.28356432699
345,4383.903423601437
346,3910.2192721464226
347,4035.7700238134594
348,4102.457476742413
349,3880.4426385495512
350,4267.701343778523
351,4225.455674774853
352,3536.4233762458925
353,4155.77938875719
354,3925.332387131224
355,3926.1870180291326
356,3842.8014478263203
357,3640.4488391239092
358,4104.403140450862
359,4096.606924903764
360,3763.009402628498
361,3865.23669671969
362,3771.2021839861554
363,4345.298627112889
364,4107.9550767894925
365,3892.2687392215767
366,3894.1638150583794
367,3610.191517115531
368,4415.083806195634
369,4082.568847807997
370,4162.9790784372635
371,3474.8426112667244
372,3996.001262119459
373,4377.583769391005
374,4289.905691621921
375,3584.3190489074727
376,4096.998400697281
377,3760.6666368288898
378,4220.107295130378
379,3847.411612417705
380,3937.2931217455816
381,3529.212410521468
382,4317.346239076377
383,4098.02825121979
384,4129.0152415480225
385,3989.677435473948
386,4060.015389097751
387,4539.746459044378
388,3610.1072940349886
389,4023.631742719703
390,3914.818421654934
391,4026.2055028214854
392,3802.3854048195785
393,4288.330914638293
394,4506.486389051301
395,4057.9801340086315
396,4365.2675622940915
397,4323.821991503338
398,3529.365965598353
399,3852.21089646138
400,3986.440028633761
401,4299.450966841736
402,3880.951269233363
403,3615.7392454457186
404,4356.5464945703925
405,4437.527565740642
406,3986.5326181029704
407,3661.51748775052
408,4258.710745564537
409,3912.1204926431083
410,3966.3336409749545
411,4300.30166349864
412,3579.754429385718
413,4285.657980819633
414,4345.0588545752325
415,3895.1470534871487
416,3825.043342554568
417,4178.908859143465
418,3650.4936205818203
419,4046.378269278148
420,4049.915022164769
421,4143.100628113176
422,3751.561479949326
423,4293.912042640167
424,3877.016347301369
425,3896.737634069271
426,3734.6561809886416
427,4174.717755109355
428,4007.983211210939
429,4060.23412320558
430,4084.155463419542
431,4220.343966324131
432,4350.343085069171
433,4161.962825289235
434,4000.6360652056937
435,4015.2675425566363
436,4056.0694193849067
437,3760.5855080810534
438,3667.8968554404933
439,4600.123524243465
440,4286.790545849532
441,3519.963998371599
442,3871.57090406893
443,3814.810882909449
444,4137.238470945969
445,4237.391490955116
446,3688.3614558447507
447,4054.6267414313547
448,3624.573678818214
449,3968.259863588172
450,3686.998616951673
451,3819.7200527430023
452,4433.612863715646
453,4083.4184697970845
454,4012.1312266808322
455,4371.661165836084
456,4039.424006641444
457,3859.34344854571
458,4108.111307453675
459,3752.7394991904944
460,4196.352063916991
461,3625.0988578109655
462,4494.973892163023
463,3763.3631022451477
464,3939.6004338027496
465,4241.981039049737
466,4216.914025908357
467,3596.58783313026
468,4286.709235676566
469,3884.7037828974435
470,3829.84449433236
471,4363.553345721587
472,4205.201428403705
473,3990.297802510293
474,3714.437429080607
475,4475.3667481560415
476,4148.155395154965
477,4056.4779937887115
478,3880.9382477418108
479,3937.398112473901
480,4081.4876049024597
481,4430.467146152425
482,3845.751980033013
483,4086.0225098679302
484,4584.436258238993
485,3725.5920257904954
486,4015.6388431263395
487,3687.2576508259367
488,3546.7248507183276
489,3708.1010806389318
490,3848.4471523992365
491,3930.019216957834
492,4378.740558249214
493,4305.101754876241
494,4250.602269026234
495,3790.1597592302824
496,3672.332356766325
497,3877.22268281581
498,3673.7831771828132
499,3725.2294230633797
500,4136.042899870181
501,3921.1520238186117
502,4085.68860673184
503,3718.200478354468
504,4187.062413035168
505,3896.9818840790786
506,4100.116098527726
507,4137.935610939211
508,4088.2140346475344
509,3956.012373854161
510,3845.3318807594687
511,4079.071562204407
512,4297.986269145875
513,3622.4049977301875
514,4014.3538921318595
515,3625.5100652867936
516,3922.9054259118184
517,4643.920183995384
518,4009.53548807024
519,3964.631105421932
520,4253.878004793742
521,4322.2584528163015
522,3892.8233122466518
523,3514.4764381859113
524,4291.843451856833
525,3531.4394171655513
526,3969.799280257642
527,3883.243351043013
528,3692.405201180486
529,3711.2108344916505
530,3935.220477595166
531,4288.648063536797
532,3902.6522447587904
533,4330.794591535822
534,4130.61545113654
535,4290.958489453418
536,3748.243961801512
537,4098.484820182515
538,4062.4262220965056
539,3540.2483328167255
540,4330.808672950039
541,3664.8203180438995
542,3870.8217514500684
543,4264.913748419042
544,3651.290056035933
545,3999.1196396282307
546,4259.074246768395
547,3979.0613672169184
548,4068.166535371142
549,4062.845728741907
550,3777.1745939212706
551,3561.536477883005
552,3932.1132761233875
553,3878.8238272242897
554,3688.852819256744
555,4315.450054271747
556,4259.910492601744
557,3735.9066404839086
558,3895.173783833072
559,4319.495610568176
560,3630.1611795323306
561,4487.62087578474
562,4342.334272338771
563,4031.2198001144416
564,3826.048082662719
565,4372.97825605125
566,3781.2977186557528
567,4029.742950503175
568,3532.960990007837
569,3695.0001088622676
570,3858.072881731971
571,4270.629388225212
572,3549.788744302403
573,3971.5640819988366
574,3916.830482166254
575,4011.8687620248966
576,3916.541292135163
577,4395.101882509311
578,3812.1846987167387
579,3868.445590331871
580,4237.35595511718
581,4015.393210181936
582,3808.2321498098368
583,4104.2576001630705
584,4229.174423507802
585,3649.23518194293
586,4199.825150366958
587,3730.670678449276
588,4118.503405899814
589,3926.268453522473
590,4000.4057998918906
591,3993.612675945832
592,4086.6779827086575
593,3713.498026470101
594,4157.314229424406
595,4472.220310406857
596,4099.298697906443
597,3845.9092583185834
598,3942.319528140729
599,3963.3817757032402
600,4075.7417715900756
601,4073.370446047472
602,4015.011106684905
603,3624.9322127389273
604,3912.6094324771016
605,4054.814909992614
606,4440.694130837888
607,3897.35774247223
608,4430.510461357665
609,4270.1614335606155
610,4203.321696127307
611,4016.750009926176
612,4331.247809971534
613,3627.7075192365505
614,4149.439151054936
615,4197.664230260441
616,3978.5641823175247
617,3752.7739368238867
618,4031.5509398091863
619,3694.0275972063287
620,3864.3854586274488
621,4343.191448457836
622,4405.8464276523
623,4134.081116469476
624,4095.931293350087
625,4438.344786908165
626,4051.141946161055
627,3973.3551450369937
628,3921.383558750886
629,4020.063161157231
630,3499.0079193377233
631,4128.913794734467
632,4227.398500806592
633,3747.578401829945
634,4133.342017989877
635,3619.6444205022945
636,4248.386332752781
637,4023.126473366643
638,3900.7288907934762
639,4244.591267741694
640,3976.770807785807
641,3773.1607983589715
642,4118.6231160054585
643,4039.9265849167223
644,4388.51230766654
645,4210.312568786523
646,4167.032019338388
647,3819.118896451505
648,3593.7636042184536
649,3381.5863728916443
650,3925.0641162253028
651,4517.605990432054
652,4147.5177289664025
653,4559.909979327338
654,3745.8481825018234
655,4426.4985541903025
656,3858.4114528738914
657,4251.062784674532
658,3867.952836097637
659,4530.234063355209
660,4063.6892314530205
661,4222.595253969708
662,4033.774116744333
663,4296.709304844272
664,4384.456938138414
665,4131.74751351237
666,3972.572319251514
667,4268.437901509532
668,4086.3299611815246
669,3700.152378752041
670,4017.9199972748406
671,3701.77475099159
672,3575.0140195917593
673,4116.328650250288
674,3787.171244041876
675,4086.8321732172735
676,3506.878774496139
677,3710.68786387362
678,3626.0608344393772
679,3734.2845300831386
680,4290.968326384522
681,3817.701712017326
682,4133.452266212143
683,3878.2100537622823
684,3929.466418422554
685,4092.475303490933
686,3795.0076631985944
687,3455.560680118194
688,3920.2637608990876
689,3859.0214942764533
690,3831.8033618337768
691,3697.9296241980646
692,3734.2575520057944
693,4123.150283863941
694,3745.661837051355
695,3932.1076685678545
696,3924.2648843097013
697,3407.833546414603
698,3811.2013904691885
699,4096.364832540396
700,3893.4744761232446
701,4025.2474518076733
702,4250.395948935064
703,3764.0749800558674
704,4586.980837491574
705,4400.816374076519
706,4472.669706244294
707,3927.673790896956
708,4069.574822290682
709,4093.810407540457
710,3910.6060095055363
711,3790.955353797379
712,3962.019561492214
713,3707.0209726661064
714,4287.970449776617
715,3672.929240298705
716,3705.6347148211066
717,3808.8563010616103
718,4488.345742559813
719,3957.7132114769915
720,3652.5387552611633
721,4281.056708468492
722,4339.324434370986
723,4328.655925892411
724,3864.305442692308
725,3809.930920715196
726,3992.2991419311875
727,3880.856139772899
728,3359.511573848268
729,4380.277131313374
730,4267.567643878785
731,3718.7724809290967
732,3936.4995802797725
733,3486.4532616592005
734,4241.727883373638
735,3699.8033300970455
736,4333.9742524617295
737,4359.490357038091
738,3873.9927576315413
739,3957.7491327662087
740,4037.31878756919
741,4043.5494835761874
742,4198.910201315322
743,3738.0444971795737
744,4146.273803713291
745,3870.9361468367515
746,3721.026427272307
747,4295.648997942794
748,4424.768345228584
749,3973.8904627575243
750,3966.988723959229
751,4006.2653231104723
752,4004.335317810179
753,3871.736804620661
754,3924.9820284409534
755,3764.3853645183676
756,4238.487349490371
757,3843.3923810649594
758,3912.4247542046014
759,3977.218836358589
760,4015.2093656804404
761,3565.2037265458284
762,3991.660246284474
763,3841.3505917390808
764,3904.3378380808135
765,4089.346615320477
766,3835.6793565351745
767,4562.786884034678
768,3718.0924947743724
769,3965.076100824046
770,3795.9958123033443
771,3732.530231970994
772,4156.885240872458
773,4299.266955004987
774,3646.8629759642035
775,3669.8488738557107
776,3684.24296079498
777,3952.47552546151
778,3918.9426072486185
779,4200.626303268278
780,3917.619766847898
781,3971.3883074777223
782,3745.5516527806294
783,4266.499107013469
784,3912.039353553172
785,4105.230397902954
786,4432.049841236454
787,3903.728499799436
788,4066.758234025771
789,4003.9643440755403
790,4132.873833654695
791,3678.845199915878
792,4133.458143687117
793,3881.310752716157
794,4254.665460504678
795,4153.9693360372585
796,3665.2418838268627
797,4062.951737959799
798,3982.3854065935902
799,4093.571094005456
800,4193.750523247054
801,4031.479205532055
802,4008.6075908965536
803,4248.19943819906
804,4377.106387323167
805,3880.447080498807
806,4071.56073865002
807,3916.874748259645
808,3909.410417926645
809,4288.673105307232
810,3914.5416605649943
811,4075.3490402790812
812,3758.111720064079
813,3973.9780931440278
814,3766.2803627641706
815,3564.5079245849015
816,4214.09942156717
817,4022.451274537787
818,3822.2994570522033
819,4101.868304862326
820,4097.118206004119
821,4190.88013524902
822,3850.9340669358444
823,3226.4650305211417
824,4119.02870635718
825,3761.2554759572877
826,4088.4317266859903
827,3931.5058454588843
828,3692.041918353842
829,4077.7587702272654
830,4117.786367707106
831,3993.051162391409
832,4208.428535844083
833,3819.0582321862
834,4106.639244386057
835,4111.03657820648
836,4035.230604096245
837,4218.344150582602
838,4320.832603835174
839,4050.9670414442708
840,3406.7593772087093
841,3883.0806029100813
842,3577.5483551715915
843,4166.063179164819
844,3653.7127388227295
845,3966.2523678599764
846,4036.622813659333
847,3744.2194860417976
848,4196.300359572192
849,3631.766206259712
850,4215.081896954525
851,4080.943766371939
852,4486.503408993648
853,4046.9127041788033
854,3956.4958780731913
855,3650.421058001012
856,3810.100766446053
857,4181.14082902289
858,4401.714064715192
859,3737.2818039059703
860,4038.173689979313
861,4278.984458854289
862,4230.724445372714
863,3885.418961562812
864,3774.504731185153
865,4097.112923132116
866,3720.4576900451702
867,4051.717144861762
868,3453.2101686334827
869,3661.2025031390613
870,3814.257107248771
871,3861.9702512484414
872,4096.800975644739
873,4105.362410977043
874,4385.308078411483
875,3896.7661725110847
876,3819.317210625616
877,3995.912863372787
878,3829.1454759636163
879,3770.8308885938536
880,4200.211317976085
881,4003.6552343763055
882,4360.422170673828
883,3363.3943007863263
884,3946.1213760811647
885,4062.4698363877324
886,3878.4377207727616
887,4124.458629159625
888,4102.858791233319
889,4283.896757603981
890,4050.83910243666
891,3801.8457984969255
892,4167.224402572785
893,3912.356932903965
894,3803.8788485712407
895,4118.960236587121
896,4661.985705019702
897,4330.716126459725
898,3838.508844276549
899,3781.349552626417
900,3780.8604751251296
901,3843.368556713335
902,4168.088534833028
903,3796.722101503642
904,3674.174594714529
905,4010.459275742268
906,3685.8495463480267
907,4529.260831739798
908,3550.2415809768554
909,4162.60963112673
910,4060.3997664164353
911,4207.734664246451
912,3601.503072853193
913,4040.8705606222993
914,3795.787170273278
915,3842.1988517012323
916,3712.7435190339265
917,3475.2345477776616
918,3781.485665720744
919,3825.857401108309
920,4502.520983301273
921,4557.059581989706
922,3729.0335423751662
923,3741.827183772414
924,4416.748464321069
925,3735.1327348315326
926,3827.2609727384643
927,3769.5663802970043
928,4068.2957316315387
929,4299.209729745946
930,4158.9744550917885
931,4206.371457310458
932,3637.3173834906365
933,3993.932139145745
934,4460.324097403009
935,3485.2073772635395
936,4337.793010941357
937,3579.948502539797
938,3825.05275788714
939,4282.374548209532
940,4200.16321643962
941,3957.017885272674
942,4249.227649937435
943,3803.5556021801112
944,3921.131967463627
945,3949.890321415601
946,3569.655534342656
947,4328.198615299567
948,4025.593176382834
949,4158.709308638447
950,4046.6713239919054
951,3424.8060994251714
952,3863.663443237518
953,3787.895798675844
954,4369.556182822026
955,3793.4195597788803
956,3739.1317794680435
957,4224.373966381329
958,3935.291296696868
959,4638.062562142879
960,3861.987629767218
961,4048.0547827809114
962,4111.323041986168
963,4038.869665904678
964,4147.173496591355
965,4182.3014653654
966,4173.802491876076
967,4220.414434006316
968,4140.341590503376
969,4214.587119417596
970,3987.1989247700158
971,4219.4876650213955
972,4300.718338276564
973,4038.7273829500436
974,4444.068930022298
975,3509.437093030715
976,3978.1630858426734
977,3816.634505430399
978,4237.357245685796
979,3823.1694487685136
980,4014.731224322846
981,3700.230078114895
982,4363.980241333564
983,4021.8682062037456
984,4061.403731004244
985,3585.413965379009
986,4063.723970530661
987,4039.172528712943
988,3956.050761581364
989,3568.218819483876
990,3370.1736659542985
991,3982.470901501777
992,3622.2927382271864
993,4349.515754681028
994,3857.237024289999
995,3992.0957461207227
996,4018.7455037686805
997,4129.493724914891
998,4092.34219270629
999,3833.5585925164005
1000,4006.9891839881493
1001,4022.4375799654636
1002,4414.21725150109
1003,4198.063453348871
1004,4170.824014440695
1005,3675.429047611905
1006,4496.990732350413
1007,4313.907307572792
1008,3774.6525584244314
1009,3777.1591208190966
1010,3853.6182283427224
1011,3541.904187820498
1012,4204.554963462297
1013,3405.5581113483804
1014,4175.783988090716
1015,4212.968132672697
1016,3933.942607841862
1017,3785.266662875317
1018,4135.271226654659
1019,3642.040812277644
1020,4512.053208411195
1021,3970.258686111782
1022,4064.653929585338
1023,3758.185358982384
1024,4180.5781299785285
1025,4119.070077295661
1026,3838.8888113003345
1027,4728.842669993583
1028,3920.389681551045
1029,4436.837397740024
1030,3937.652619696273
1031,3932.5431971788075
1032,4093.8645249666624
1033,3793.721194757938
1034,4102.847491989358
1035,3915.364500208938
1036,4145.172882065286
1037,3522.880297024861
1038,4180.24819338266
1039,4208.2771377712725
1040,3875.5830139873824
1041,4409.693801649879
1042,4145.784048397415
1043,3909.911396877257
1044,3797.82881551447
1045,4301.367026407954
1046,4127.305417988816
1047,3688.5730473210715
1048,3971.0984439207023
1049,3898.1018017313118
1050,4012.5880290424484
1051,3975.5712138136278
1052,4521.49416377842
1053,4112.203776663909
1054,3964.897979281456
1055,3925.3832224363714
1056,4343.839994826239
1057,3844.0565650152926
1058,3977.762809995347
1059,4098.217575792753
1060,4256.010964072117
1061,3901.4621541754573
1062,3491.818557048491
1063,3996.0015846025162
1064,3907.3217759850804
1065,4006.8013338360242
1066,3875.816326128699
1067,3935.198120109143
1068,4162.890837627338
1069,4320.350855004708
1070,4067.3779160513595
1071,3766.559634598202
1072,4105.546635364008
1073,3844.9989793531104
1074,3932.4953586115766
1075,4058.583673041904
1076,3965.5741496601477
1077,4319.901750819472
1078,3756.423823800541
1079,4022.988891069789
1080,4425.899854170497
1081,3960.776447923728
1082,4313.142993302192
1083,4148.666583108632
1084,3857.842902021082
1085,3931.6569913022768
1086,3923.2542385742877
1087,3928.972695742498
1088,3578.0940530828257
1089,3779.6246008558455
1090,4506.884566894164
1091,4503.833705891952
1092,4200.107310305688
1093,4042.035811040313
1094,4027.177984678522
1095,3896.4202466204297
1096,3421.6561926851
1097,4070.270668885719
1098,3962.9126416627637
1099,3807.736513855348
1100,3827.993078104817
1101,3995.6673859218117
1102,3690.738357184975
1103,4126.172220344774
1104,3965.674804531688
1105,3646.361886986082
1106,3530.2123374935804
1107,4261.112488694473
1108,4220.480910926744
1109,3888.3943878163027
1110,3772.4707414105837
1111,4568.334237093027
1112,3966.1170626142366
1113,4515.7670155803935
1114,3826.0374696164263
1115,4227.671424545631
1116,3956.41891906993
1117,3827.242382652909
1118,4050.6883623510203
1119,4009.3878175500554
1120,3749.060548536052
1121,4488.08912479774
1122,4165.536223579256
1123,4121.518656140454
1124,3723.043042582326
1125,3867.552263838827
1126,4458.855636644281
1127,4062.9513258680063
1128,4239.492891139414
1129,3615.624906920854
1130,4083.144683050087
1131,4057.4921433751106
1132,3856.589337685754
1133,4063.4998328942306
1134,4065.5602980418726
1135,4217.295498486792
1136,3992.341228772132
1137,4091.086327912597
1138,3643.4068992372377
1139,4306.483023106266
1140,3666.9595051435817
1141,3944.8410097688443
1142,4021.1149838136753
1143,3864.6386142710962
1144,4105.2358398308925
1145,3955.263959709449
1146,3607.6942429188994
1147,4108.151279854753
1148,4070.3807637201053
1149,3779.4392871998502
1150,3401.3512547020555
1151,4100.249259393002
1152,4302.72275805317
1153,4581.082010035233
1154,4094.2044369531436
1155,4424.273909114622
1156,4094.2522418874332
1157,4158.3097333426995
1158,3960.805452746167
1159,4304.895736690593
1160,4119.264216588384
1161,3350.570858639357
1162,4078.5798727408273
1163,3826.206419733113
1164,3859.5731916755176
1165,4270.234483939825
1166,3940.1522074483064
1167,4164.807010670802
1168,4015.6412146616303
1169,4000.6296326639167
1170,3726.68622971465
1171,3598.8369756647367
1172,4189.205727540844
1173,4043.563948699316
1174,3659.015086590106
1175,3737.886599359778
1176,4481.561735188712
1177,3878.886104632861
1178,4480.947047820426
1179,3480.4143431123957
1180,4465.91949704877
1181,4039.497422073592
1182,4209.177019407103
1183,3681.463224608641
1184,3870.6609439032836
1185,4579.291254157776
1186,3704.5487484763407
1187,4662.232255821823
1188,3904.4489859227224
1189,4397.829695235206
1190,3804.788859802253
1191,3799.718877751604
1192,4458.380795332388
1193,4699.86854999364
1194,3655.705625063778
1195,4558.690861708245
1196,3767.521163824601
1197,3580.772608034682
1198,4111.635870268819
1199,3865.2971150878884
1200,4419.073929244708
1201,4112.809841020875
1202,3803.38073654248
1203,3559.679789038308
1204,3884.1471351147347
1205,3631.191861470861
1206,4458.654831051878
1207,4108.5550871585165
1208,3934.9694680737857
1209,4082.304491041893
1210,3800.8013428091135
1211,3448.1244954043523
1212,4030.0028653813724
1213,4121.862922870445
1214,3791.671139823302
1215,3685.6020997433607
1216,4016.0005703671295
1217,4216.591997107407
1218,3820.6493305047243
1219,4103.79092799279
1220,3626.10450790975
1221,4171.236245742051
1222,3995.599651015694
1223,4003.861615159719
1224,4005.904244101841
1225,4188.211574583475
1226,3953.5981374335306
1227,3946.375627295486
1228,3835.406061985167
1229,4105.983179389416
1230,4114.801617408866
1231,3988.888750151461
1232,3830.5663328072455
1233,4254.158916839096
1234,3965.474422609496
1235,3633.433879207049
1236,3784.5600808947647
1237,3989.495462634285
1238,4169.620817688559
1239,4179.836178578538
1240,3803.7989694461126
1241,4184.262814889169
1242,4178.259298493231
1243,4019.5342039858483
1244,4389.010171574058
1245,3867.2154586939573
1246,4335.396647280087
1247,3788.857338723803
1248,4243.700191836613
1249,4054.535374496964
1250,3941.418043187802
1251,3581.628326850272
1252,4051.2055742372763
1253,4153.581983564583
1254,4234.514997832945
1255,4158.1203423859715
1256,4166.246658578667
1257,3971.8252504490056
1258,3959.297956811043
1259,3787.5142195795142
1260,4145.692111290585
1261,3883.240365948368
1262,3812.8889802864906
1263,3607.350905039514
1264,3696.949220855341
1265,4064.594380536446
1266,4458.416198950759
1267,3820.3803462135106
1268,3758.089818651114
1269,4359.423806969462
1270,4098.078127385701
1271,4237.574382714735
1272,3773.5142426081206
1273,4242.694621630577
1274,3536.0909415639157
1275,4022.7032024063246
1276,4059.9040376505486
1277,3965.06543312115
1278,3587.8379306977067
1279,3786.4667064101677
1280,3729.7357899365916
1281,4008.609718086497
1282,3839.4728606416925
1283,4102.733345610362
1284,3868.024632156831
1285,3997.425330135646
1286,3810.1216116665023
1287,4342.469562893407
1288,4214.926408450066
1289,4120.138931930437
1290,4052.3867674326516
1291,4146.547053349115
1292,3823.8713113814656
1293,3551.4765424697016
1294,4013.048817064683
1295,4008.6473500693637
1296,4246.432597686199
1297,4614.383792644649
1298,3977.9216021272505
1299,4103.3436570609765
1300,3921.657637563503
1301,3859.409120548611
1302,4016.352747451645
1303,4106.451716720869
1304,3896.4842681065134
1305,4395.359310581933
1306,3977.2553062070583
1307,3957.3959880845478
1308,3995.7500115437933
1309,4265.141593465456
1310,3854.8819798848126
1311,4363.923293269063
1312,3859.577428516458
1313,3784.451941279884
1314,4317.358310882658
1315,4227.379693673704
1316,4067.6477461226787
1317,3520.6585561647807
1318,4110.189541943128
1319,4266.471057188971
1320,4173.687178007463
1321,4316.586687138477
1322,3651.7991723658706
1323,3679.1837736752473
1324,3826.8160873683632
1325,3906.0726342376656
1326,4360.312583668203
1327,4407.8444692621615
1328,3887.8752476515774
1329,3882.0969722286127
1330,3416.654896823032
1331,4076.6822232282875
1332,3858.74612861672
1333,3889.1512020222044
1334,4483.532516115633
1335,3817.419482033733
1336,4175.814983668781
1337,3891.6459470882896
1338,3794.117218707669
1339,3592.8479565602493
1340,3388.989371155837
1341,4296.082345066325
1342,4121.005833984729
1343,3947.4676208892906
1344,4337.360867146513
1345,3845.048701521985
1346,4245.903159265128
1347,4443.869852570806
1348,3800.003708020953
1349,4314.056628132443
1350,4341.192325197031
1351,4353.795211975495
1352,3651.258465134413
1353,4167.330327241647
1354,4379.900383559926
1355,4292.872451360668
1356,4002.9523189158554
1357,4341.458266666547
1358,4000.446460340349
1359,3528.7036985417353
1360,3556.5558613026624
1361,3775.1640214527893
1362,4101.92011851828
1363,3984.773183028896
1364,3898.3380746772746
1365,4187.160800904358
1366,3946.6290234218663
1367,3701.7073224246988
1368,3934.5972425068985
1369,4141.817499667515
1370,3555.343086518609
1371,4448.862847986102
1372,4106.815323804771
1373,3354.8851650900306
1374,4162.57762854675
1375,3863.4206230526297
1376,4190.829689889284
1377,3708.7925172641458
1378,4472.883551837615
1379,4320.863251447795
1380,3775.5065678015258
1381,3983.3045051839085
1382,4083.1465622662627
1383,3644.8708369986643
1384,3840.810553610727
1385,3738.987952253778
1386,4156.0080625185665
1387,3962.783771375897
1388,3824.545964892499
1389,3588.677130437618
1390,3772.734448480665
1391,4129.476428580794
1392,3808.0455377684693
1393,4182.029968156964
1394,3833.023790710728
1395,3432.780640733601
1396,4050.815679131854
1397,3946.8745120594685
1398,3798.0280045754516
1399,4129.639025215628
1400,4237.3829601550915
1401,4397.457759256378
1402,3766.306094460415
1403,4466.263055860149
1404,4055.784594391068
1405,3913.1363662259164
1406,4194.0910592346145
1407,3349.1377091839154
1408,3608.7702057967545
1409,4133.518930891514
1410,3907.6574167916733
1411,3984.495744443092
1412,4284.351866408189
1413,4203.224814303574
1414,3994.9451295874064
1415,4019.551713913184
1416,4239.157314705618
1417,4072.755172967444
1418,3956.2314262813607
1419,4043.087816948525
1420,4204.671384349871
1421,3659.4771973008474
1422,3491.5540891586897
1423,3742.8256122079065
1424,3703.7085320475867
1425,4394.571668561044
1426,4022.732739487048
1427,3802.5614217967377
1428,4192.240194191771
1429,3842.1472511109378
1430,3929.5555441530673
1431,3824.059702838527
1432,3935.8531157087973
1433,4305.709276654741
1434,4377.817593197966
1435,3846.4448024781705
1436,4115.572427586987
1437,4343.111811605017
1438,3919.7206804866837
1439,4409.853378469653
1440,4084.3865837172434
1441,4149.301464051845
1442,4125.356331583492
1443,3901.945175784698
1444,3677.6881511721263
1445,3957.5081879001036
1446,3892.5862685989423
1447,3680.9075557415845
1448,4352.217220213457
1449,4124.342807644161
1450,3888.3069411072843
1451,4052.6732913870364
1452,4397.800125583739
1453,4096.228682099942
1454,3855.806193975615
1455,4220.267500048491
1456,3691.1883954308387
1457,3665.7131087188245
1458,3879.73520497646
1459,4121.110978146683
1460,3633.4203172881917
1461,4029.7605850024593
1462,3635.5323167648694
1463,4184.172955122283
1464,3642.16349482647
1465,4218.257412984324
1466,3867.395626730632
1467,3908.6728246111356
1468,3666.3090057304626
1469,3757.6075041536465
1470,3855.017798291631
1471,3741.8950870221092
1472,3528.077213513099
1473,3762.7598671957485
1474,3606.079051025825
1475,4206.127529769477
1476,3507.3231665597777
1477,4031.6969286523454
1478,4100.452466533665
1479,3501.264621581904
1480,4042.605778792205
1481,4131.337438972216
1482,4151.024269561543
1483,4372.383010220783
1484,4055.4908519455967
1485,4217.655008270138
1486,3794.7793166214315
1487,3937.32847664803
1488,4019.1192586660245
1489,4269.436007007214
1490,4268.408775247173
1491,3763.0472640456496
1492,4039.121753567938
1493,3673.368000930299
1494,3645.9269451887435
1495,3848.902204498672
1496,4201.215655544393
1497,3659.6894177142312
1498,3346.628336126825
1499,4367.490792572283
1500,3754.466774505585
1501,4316.581993415038
1502,3534.9559270806944
1503,4462.817332439242
1504,4274.870307807729
1505,3593.7717468201745
1506,4740.664120362509
1507,4199.651844719597
1508,4234.993026562064
1509,3984.0092906220766
1510,3783.619793204358
1511,4143.995684696796
1512,4050.672146058588
1513,4086.8187028133543
1514,3668.671313257705
1515,4159.79716626094
1516,3705.6875733517304
1517,3834.4395669177766
1518,3949.3317793378096
1519,4108.016570360131
1520,4368.045864583672
1521,4171.386491201633
1522,3870.433937835537
1523,3927.267586246561
1524,4247.112177280093
1525,3743.352078635602
1526,4109.93961867867
1527,4063.56826825583
1528,4071.2059690909327
1529,3757.926145843925
1530,4440.912266817896
1531,4031.4097330280097
1532,3707.7110908828963
1533,4359.921098582943
1534,3742.5062860761072
1535,3868.1878342822565
1536,4257.968838807367
1537,3496.467030449847
1538,4028.5788524420113
1539,4005.3733170855176
1540,3989.5129387790075
1541,4173.172504264755
1542,3617.0894790789835
1543,4109.223549586402
1544,4241.860177103961
1545,3563.866050701903
1546,3606.4385333620367
1547,3889.9445124153235
1548,3708.0857822626817
1549,4057.8735912971906
1550,4037.189058478755
1551,3890.3629614088145
1552,3858.9717778007416
1553,3860.091250041841
1554,3895.280060900526
1555,3739.9522895650434
1556,3573.846732515314
1557,4376.928963543948
1558,4139.7496828219955
1559,3438.645950746919
1560,4038.117053145663
1561,4529.991047151149
1562,4230.8393059422015
1563,4018.321991216081
1564,4136.4194574360745
1565,3638.329027397682
1566,3869.6462497511075
1567,3906.148519419993
1568,3617.9748844746114
1569,4241.390043255906
1570,3782.6643789113587
1571,3990.2496609500618
1572,4651.917690530292
1573,4072.451986101771
1574,3668.3261406972993
1575,3867.955761245879
1576,4296.567613740832
1577,3753.8420248272937
1578,3900.645539875418
1579,4029.162688858437
1580,3475.2193024302724
1581,3828.865157337247
1582,3835.8767638195336
1583,3725.5006699583123
1584,4239.379166988184
1585,3751.617036153395
1586,4053.6872638677123
1587,4017.0596584821806
1588,4476.373442135569
1589,4147.099552549662
1590,4130.707021781229
1591,4181.338197257912
1592,4169.436415477506
1593,4275.684395310467
1594,3790.6052618815766
1595,3954.664772448752
1596,3654.838592050726
1597,4303.864525400402
1598,3308.5691862883577
1599,4162.6792203268915
1600,4416.473929852265
1601,3773.3845095701613
1602,4265.828220938027
1603,4362.318719961124
1604,3757.8437848555145
1605,3966.9301099417085
1606,4044.6401102658397
1607,3712.2659057966257
1608,3746.320644955948
1609,3986.0320036730072
1610,4349.533695953566
1611,3831.033632960525
1612,4312.166195878836
1613,4142.1183733581
1614,4072.690318778381
1615,3726.2061747167
1616,4049.2153098702606
1617,4062.1493676726395
1618,3721.757077855726
1619,4042.9720950965616
1620,3947.054488301018
1621,3739.565591960607
1622,3998.723874683895
1623,4207.105710406171
1624,3754.761061712487
1625,3845.3595725705263
1626,3583.3851209603777
1627,4354.746312872107
1628,4282.157082773844
1629,4505.670539993881
1630,3846.4951266858898
1631,3845.317174808557
1632,4092.0869495944567
1633,3991.09996364627
1634,4063.808148501895
1635,4116.894988826383
1636,4295.547051977889
1637,4271.526131094884
1638,3706.033952357331
1639,4165.063632985444
1640,3827.3266812441593
1641,3730.088054048427
1642,4200.085436437776
1643,3752.756375744184
1644,3954.9568839532258
1645,4067.461302848811
1646,3369.909027564114
1647,4393.824650892072
1648,4471.19956254378
1649,3508.8772326428334
1650,4166.5155972515695
1651,4104.379225331472
1652,3686.5229940206127
1653,3943.7643498414536
1654,3924.236875162153
1655,3928.2379372005353
1656,3909.3483864320588
1657,4231.275409322967
1658,3959.5704024642596
1659,4135.85910958296
1660,3692.9359197936774
1661,3815.133503185101
1662,3665.919830635151
1663,4001.3569043120133
1664,4052.707987914835
1665,3801.2470110601366
1666,3809.8939898472254
1667,4197.764128543958
1668,4337.555819407951
1669,4395.493593707936
1670,4475.552955272927
1671,4058.6570039755734
1672,3855.957460943163
1673,3685.6417831874787
1674,4233.526060367154
1675,3991.4723733600067
1676,3872.8893478007412
1677,4041.5401193322778
1678,4624.951433973218
1679,3977.5255821647706
1680,3730.4351826176608
1681,3873.959740879548
1682,3999.170761128561
1683,3873.0439637208037
1684,3632.9199398546725
1685,4168.129313222265
1686,3764.1083378463936
1687,3829.3253015543833
1688,3673.3768504601776
1689,4333.492874155656
1690,4435.660743538857
1691,3839.0547150884067
1692,3639.5753551053904
1693,4249.655477626037
1694,4173.589267654264
1695,4338.0215398219225
1696,3995.902735506505
1697,4182.81126691937
1698,4076.5647079099026
1699,4008.7116854092214
1700,4336.623581260243
1701,3698.026138072276
1702,3992.5763609224255
1703,3801.651680271001
1704,3787.620285128866
1705,3642.653253464837
1706,3904.9871044212823
1707,3931.682564760996
1708,3646.138133220785
1709,3917.0243134311395
1710,4133.692762738813
1711,3918.16343904754
1712,4209.872276816858
1713,3534.8155574628536
1714,4147.690072110008
1715,4267.39269690325
1716,3853.702099006154
1717,4253.959701633876
1718,3960.59385613486
1719,3654.184828254642
1720,4138.791265077568
1721,3703.8771848294155
1722,3646.74068501127
1723,3609.566824310837
1724,4262.5614057803205
1725,4182.086718145711
1726,3782.971680889117
1727,3934.947160496394
1728,3844.1109085254284
1729,4128.896347151366
1730,3964.1825952549552
1731,3617.4690117986856
1732,4278.909088180151
1733,3784.262843257752
1734,4079.9448103694604
1735,3885.64545318648
1736,3686.738978077004
1737,4313.25772105619
1738,4453.823666624798
1739,3852.3890773592157
1740,3817.866787531382
1741,3927.3244078745593
1742,4185.390221712384
1743,3889.306755681977
1744,3734.9775341162585
1745,3781.5233433051344
1746,4089.764977943883
1747,4094.6441842243553
1748,3902.576789383983
1749,4354.579217187043
1750,4016.749291270747
1751,4105.509951906277
1752,3854.458624872572
1753,3774.1671626267657
1754,4161.790565186003
1755,4283.091476919957
1756,3508.6282543791776
1757,4263.930081867136
1758,4176.870474362188
1759,4332.49235488338
1760,3553.11465334594
1761,3767.6941626409584
1762,4205.016122134363
1763,3940.596322490383
1764,3818.932763307439
1765,3545.201045678412
1766,3875.0724697565456
1767,4143.042983664594
1768,4289.21680087264
1769,4078.9220807296124
1770,3829.3803967948343
1771,3676.4290194065416
1772,4314.55823770027
1773,4127.008467295605
1774,4465.8875906808225
1775,3833.6292002214177
1776,4448.611899173848
1777,4233.041278572108
1778,4060.1501210269357
1779,4234.1430286108825
1780,3830.279908774198
1781,4223.2138047607295
1782,3980.7101027002127
1783,3806.033375250441
1784,3715.01466247367
1785,3991.230689130743
1786,4034.225929826279
1787,3842.8023049280528
1788,4067.365098756941
1789,4175.291617148585
1790,4481.308939616794
1791,4115.372356055047
1792,3765.004468972435
1793,3955.4935198172598
1794,4434.089019157247
1795,3788.130613946416
1796,4072.3497794130762
1797,4195.322848717486
1798,3439.786380794865
1799,3587.3158176624083
1800,3850.331128461615
1801,3991.8757916385316
1802,4392.429488347635
1803,4367.499225599288
1804,4189.892716788344
1805,3937.7624273212705
1806,4146.027671848034
1807,3959.7963883030698
1808,4047.1725575324053
1809,3970.444045913485
1810,4561.1829256630435
1811,3654.1996305122584
1812,4286.107406725188
1813,4058.1078456916202
1814,3722.089298729029
1815,3928.8022838717375
1816,4093.8391534158895
1817,4089.791559948881
1818,3949.078200052967
1819,3667.110286781818
1820,3621.380678998894
1821,3510.2380913755305
1822,3515.2514875525503
1823,4322.3253159165315
1824,4235.838846840981
1825,3816.7557673130177
1826,3905.02041889488
1827,4712.423512971649
1828,3563.0078616827177
1829,3655.7683455784663
1830,4235.397340167679
1831,4039.255657940323
1832,4498.808967542809
1833,4145.457279854756
1834,4051.1156107660686
1835,4496.553021511707
1836,4397.3751213996875
1837,3844.944686089699
1838,3523.693258954513
1839,3888.040226228066
1840,4140.863291065339
1841,3767.011462521069
1842,4093.045675584078
1843,3668.6599888151154
1844,4166.757621280583
1845,4683.361387557554
1846,4065.0433352035207
1847,4155.485644970061
1848,4031.1070212399536
1849,4158.475637739632
1850,3752.0875557698964
1851,4003.04500375413
1852,3671.6858694704333
1853,3908.9535383329694
1854,3465.023579517344
1855,3885.876302136783
1856,4103.198402743827
1857,4039.4809274660083
1858,3894.511923232617
1859,4291.372477109571
1860,3781.710097091189
1861,3771.153160749812
1862,4396.756553181889
1863,3747.5741890170348
1864,3935.391252548829
1865,4143.336728681031
1866,4438.034264177848
1867,3764.0665068844464
1868,3839.198666191547
1869,4420.183819523371
1870,3982.6852356910804
1871,3529.831767459566
1872,3580.33636737523
1873,4340.734771178632
1874,4056.0451961054905
1875,3590.430805713676
1876,3735.7449030614007
1877,4396.2233607971275
1878,3728.838100027225
1879,3943.8318515624524
1880,3931.757793225088
1881,3827.2485300422554
1882,4494.391728871295
1883,4191.600598082472
1884,3861.3872653418603
1885,4168.389476415312
1886,4163.529834360921
1887,4285.857725136405
1888,3982.5172344844023
1889,4316.354271517577
1890,3731.412610654581
1891,3906.3333713006527
1892,3462.5091488026014
1893,3910.3282997861206
1894,3885.1080661273872
1895,4415.290016086438
1896,4447.638274380941
1897,4158.124831721043
1898,3971.1213755327226
1899,3914.452565926202
1900,3426.3697926351624
1901,3963.864938462814
1902,3465.421064713194
1903,3528.2035907091213
1904,3841.0900437353657
1905,3969.1962615028724
1906,4088.064744791297
1907,4038.765232330388
1908,4125.2936367758075
1909,4139.749254779368
1910,4065.727402506989
1911,4581.144980898414
1912,4150.769763618722
1913,3943.788891077834
1914,3566.6814153953455
1915,3936.9360397421387
1916,4023.5600450871825
1917,4153.511010506111
1918,4053.196773722485
1919,3909.780622875056
1920,4299.345324078444
1921,3950.179653301742
1922,4224.526299393541
1923,3918.649626421367
1924,3644.9708668395288
1925,4178.265930098454
1926,3998.606144132721
1927,3561.5084966449253
1928,3641.4166071564446
1929,3714.213711762417
1930,3908.4693812030405
1931,4143.470631324255
1932,3717.8365476044746
1933,4524.433935837292
1934,4217.438682967824
1935,4155.916776646761
1936,3763.7420353952753
1937,4128.050232581943
1938,3401.6859612053267
1939,4154.232642869783
1940,4306.740063255962
1941,3999.9190998099875
1942,3813.6993037617494
1943,4077.131471856149
1944,4463.984466551854
1945,3876.298752379425
1946,3764.0656957842402
1947,3570.526020682858
1948,4148.017240496156
1949,3966.9811236596333
1950,4041.804169933236
1951,4039.1960667381263
1952,4209.819790655065
1953,4106.659297711463
1954,3781.676015887849
1955,4247.32060372134
1956,3778.7538180452757
1957,3772.6029266635765
1958,4419.742309139312
1959,4188.387324779563
1960,3560.0748702849505
1961,4363.33216681444
1962,4312.832141913087
1963,3910.0154389700892
1964,3898.451621963148
1965,3836.235869351509
1966,4111.0115795372185
1967,4010.196080247454
1968,4012.656920770929
1969,3916.8620040730257
1970,3975.0653106812547
1971,4320.224457706751
1972,4365.469008292123
1973,4455.726274563625
1974,3393.797800309758
1975,4236.368014280224
1976,3592.944127154513
1977,4067.1927752765605
1978,3955.0317038926914
1979,4017.2799042186275
1980,3664.524447513263
1981,4481.710215596637
1982,3472.577079462825
1983,3654.402496372938
1984,3658.2050740677123
1985,3723.2348752791513
1986,3703.5261184523597
1987,3903.797933531567
1988,4139.677584443181
1989,3906.9517575514365
1990,3726.045217351874
1991,3836.105835711075
1992,4089.1580596259646
1993,3649.5841835881765
1994,4229.5036367968805
1995,3846.9943244364426
1996,4288.781257118948
1997,3681.4308780533515
1998,3975.9607462460544
1999,4058.106722183118
2000,4452.712626758838
2001,3522.9049706912992
2002,4381.917129247955
2003,3816.8175108247206
2004,4005.1788331704865
2005,3592.3382954124418
2006,3863.291876934458
2007,4223.696603914218
2008,4221.400398899744
2009,4124.560241896582
2010,4361.248744399738
2011,4174.536964372457
2012,4030.0210747716683
2013,4090.436279065565
2014,3591.0977646148385
2015,3724.2372208415013
2016,4130.248557420574
2017,4243.655141005454
2018,4014.123138117638
2019,4162.745680883006
2020,4187.161216040828
2021,4055.4550090741977
2022,4396.610877382922
2023,3812.6604078507953
2024,3835.202792306655
2025,3935.5378409505993
2026,3702.3815549280434
2027,4193.1045410209545
2028,4000.4172633239136
2029,4508.4159436590435
2030,3716.402214991701
2031,4198.762104055743
2032,4130.7454312993295
2033,4431.706920073874
2034,3616.563818952449
2035,3719.238310081846
2036,4033.473367515657
2037,3530.9270745396275
2038,3967.7290472557534
2039,4170.159561965969
2040,3868.011545385539
2041,3888.409696382435
2042,3969.0201711903355
2043,4116.980554274167
2044,3751.0233756868224
2045,3861.3850121363503
2046,4340.054812242266
2047,3591.4551058017596
2048,4125.510800087859
2049,4164.421791067417
2050,3990.3564272209674
2051,3736.653342181262
2052,3816.463220724838
2053,4293.499116634975
2054,4241.771284008632
2055,4068.042819212358
2056,3743.876383197601
2057,3963.02674657449
2058,4230.425892746139
2059,3870.1800013522306
2060,4299.137343359167
2061,3829.097991832731
2062,4039.7112853662684
2063,4154.6228222009295
2064,4129.401600288072
2065,3658.9068514052374
2066,4075.0787487043394
2067,4256.348247888884
2068,3759.277218605993
2069,3839.7439982909873
2070,3839.0808382754053
2071,3616.841209228406
2072,4139.547791621446
2073,3777.212366294051
2074,3597.6624181743823
2075,4152.7942534012855
2076,3525.9940165978314
2077,3433.2571186201585
2078,3978.188411405958
2079,4208.3971517363425
2080,4067.8533826099956
2081,3914.0710197464823
2082,4198.561678432296
2083,4134.8537934140395
2084,4036.428265410452
2085,4223.717876423727
2086,4019.1517193931813
2087,4266.739245545828
2088,4442.929882266724
2089,4049.5613041817155
2090,4332.127514998311
2091,4087.6160353873693
2092,4170.090519444671
2093,4207.284221855459
2094,4008.6905275725844
2095,4145.155741423076
2096,4106.770374024314
2097,4307.686679340436
2098,4066.3051723461576
2099,4430.885789932781
2100,3977.3016633832995
2101,4150.145889732664
2102,3867.589304416208
2103,4286.686698079265
2104,3932.706068914428
2105,3455.440749429365
2106,4015.36638154936
2107,3800.7269252178457
2108,3810.6798254258856
2109,4128.887242557019
2110,3771.3520797691413
2111,4379.472305679523
2112,3827.626117377322
2113,3992.5438122521336
2114,3700.459989009937
2115,4454.717005261164
2116,4191.967814878505
2117,3754.6872865519153
2118,4572.972180926429
2119,4509.675806347581
2120,4002.428340937217
2121,3886.123155509402
2122,3485.069414785289
2123,3632.8502665262195
2124,3896.901266857388
2125,4195.759428826246
2126,4209.73487688265
2127,4061.53405076337
2128,3543.222854140414
2129,3885.7529393173545
2130,4231.259184516401
2131,4143.770700154019
2132,3922.2784063503696
2133,4191.357627336695
2134,3613.616707966919
2135,3884.3602947644804
2136,4346.89168012363
2137,4090.7134491258157
2138,4165.139156410588
2139,4307.500725080701
2140,3735.2938571511104
2141,4437.834848139235
2142,3902.3752112135685
2143,3735.1997227844904
2144,4239.098221809187
2145,3840.4565034964653
2146,4020.748206323353
2147,4386.690572714246
2148,3940.952490196577
2149,3906.9519552862375
2150,3958.5335067656697
2151,3682.5472896405527
2152,4352.076587927322
2153,4351.223541503527
2154,3679.961504121613
2155,3569.14793124549
2156,3838.7608486172085
2157,4028.6325323576643
2158,4125.160571638318
2159,3844.866485163925
2160,3992.552527919007
2161,4197.333451221957
2162,4261.531438764727
2163,3838.341057982719
2164,4091.940517954896
2165,3949.223168388821
2166,3734.591658664352
2167,4133.355976909618
2168,3849.50742788535
2169,4261.582808534105
2170,4350.658696933682
2171,3773.9847709850355
2172,4303.589088295271
2173,4327.841205023626
2174,3939.993070577994
2175,3749.8781451844648
2176,4296.530579458927
2177,4059.3996531017056
2178,3781.1621571444684
2179,4076.2344433796543
2180,3956.401630886346
2181,4073.8767050933975
2182,3541.6795301965403
2183,4114.370053435466
2184,4127.175607657287
2185,3960.0940011408084
2186,3822.254667250477
2187,4388.069112506071
2188,3703.6533234383714
2189,3792.257991724091
2190,4095.9138897937873
2191,4420.112642022243
2192,3820.0145116440067
2193,3837.9606530239607
2194,4378.497816160294
2195,3976.4442964370382
2196,3992.076701749528
2197,3858.142080187551
2198,3817.8065848271062
2199,4168.756990328732
2200,4285.250171463234
2201,3580.5625476798023
2202,3715.7840504905953
2203,4268.297720911585
2204,4175.454983276425
2205,4390.3001983146505
2206,3816.7409232729233
2207,4690.233695790959
2208,4036.917540721437
2209,3932.688531987248
2210,4032.809748313435
2211,4041.150213429898
2212,4198.872356654773
2213,3726.2359798372718
2214,3991.620087618771
2215,3868.123702070475
2216,3841.0049086618255
2217,4059.0579584663046
2218,3825.22757089795
2219,3764.876045067965
2220,3689.421415439445
2221,3764.357021436872
2222,4406.002531659655
2223,3934.4829139017356
2224,4498.119677858446
2225,3472.3802295833448
2226,3537.585340831564
2227,3838.181348627552
2228,3905.801110157722
2229,4118.984131716015
2230,4007.1095674911903
2231,4058.167388362279
2232,3573.9131390319117
2233,4119.978213053666
2234,3542.8450805795283
2235,4327.539602073829
2236,3919.3051665718067
2237,4523.786384527644
2238,3927.080310455459
2239,4244.9657260980175
2240,3469.4906464787155
2241,4085.129370889966
2242,3803.6837374840466
2243,4144.524514954679
2244,3885.9811949821415
2245,3942.281531643771
2246,4373.165990236041
2247,4281.675688206777
2248,4194.0877030712145
2249,4105.402577970624
2250,4064.5309960923987
2251,3961.519618502841
2252,4045.8773107107236
2253,4122.406632512815
2254,3990.12315335689
2255,4259.693768123543
2256,3846.2106973126956
2257,4194.026699316906
2258,4106.564190529492
2259,4015.79531897345
2260,4036.161313026551
2261,3714.8751914712498
2262,4148.636881123781
2263,4310.295137341608
2264,3918.811067179527
2265,4234.868142103105
2266,4268.544681631265
2267,4498.505449371873
2268,3620.268223238787
2269,4373.131390489242
2270,3897.287414593148
2271,4053.197955007783
2272,3855.3397726861626
2273,3859.927669437564
2274,4533.033468180618
2275,4118.690928977681
2276,3993.2773597364167
2277,3840.631624393419
2278,4356.345192857358
2279,4031.8736846256907
2280,3815.4130082063252
2281,3909.663965960379
2282,3945.019230259959
2283,3853.778784593215
2284,3933.0451779782284
2285,3446.8225559224197
2286,3853.149263262727
2287,4055.7568324214917
2288,4457.645861965874
2289,3911.5299233251203
2290,4396.622484452044
2291,4082.9263600883073
2292,3604.6339279135777
2293,4036.07072069568
2294,3678.5639648887436
2295,4044.3797002114547
2296,3900.3350851535183
2297,4161.973064641939
2298,3989.7140503690052
2299,3691.306827813986
2300,3525.1517793949506
2301,4167.185472117085
2302,3728.032641115349
2303,4057.6314895345417
2304,3971.5740134462512
2305,4477.876854166496
2306,3855.968677245528
2307,3760.8607081819096
2308,3850.732692851365
2309,3948.9841530399704
2310,3970.785607821719
2311,3797.2720518920605
2312,4824.586566129404
2313,4268.541905279122
2314,4513.039073301038
2315,3933.9037426616324
2316,4258.215578652742
2317,4061.75489137202
2318,3515.174217895286
2319,3875.214547235588
2320,3613.047029204945
2321,4338.334054730232
2322,3971.218355882267
2323,4226.078402974585
2324,3658.4779186171454
2325,3881.9332245198593
2326,4625.314333896243
2327,4050.6068678058195
2328,4133.090600232123
2329,4161.151170022262
2330,4090.4774213343103
2331,4681.900389289236
2332,3843.157495036506
2333,4205.901133390443
2334,4261.293603760777
2335,4013.0158946563806
2336,3810.7696023349417
2337,3657.4736209083867
2338,4267.062937502583
2339,3539.386269906782
2340,3967.762748419158
2341,4197.04751886508
2342,4252.626499431317
2343,4099.1392818996865
2344,4072.6550154597717
2345,3979.1913962881913
2346,3357.09034718345
2347,3847.764608475641
2348,3957.918605499347
2349,3924.7762504134257
2350,4097.537175451655
2351,3573.75359561158
2352,3526.581828998721
2353,3955.950742668163
2354,4321.3918895755
2355,4259.491967784195
2356,4403.696719511316
2357,3661.1993287460373
2358,4213.889249038268
2359,4007.335818173502
2360,3778.3120388967764
2361,3689.5336606467827
2362,3878.7931463854147
2363,3831.349534210017
2364,3982.8366707198247
2365,3662.455803495395
2366,3863.393652011795
2367,3854.799646557655
2368,4157.551011195732
2369,3751.2409297325667
2370,3891.3209106600243
2371,4082.9277359390717
2372,3847.0805518661637
2373,3695.489117411848
2374,4453.526964611221
2375,4248.413364412281
2376,4282.6284732930135
2377,3912.0976173074687
2378,3973.720793181288
2379,3921.5172746505405
2380,4452.72471909619
2381,3879.0913908589614
2382,4022.994552373496
2383,3582.9352929612705
2384,4181.881282826346
2385,3943.867595049208
2386,4047.1196180875563
2387,3956.038280455168
2388,3822.305138975388
2389,4581.540604303642
2390,4002.102828186111
2391,4294.576341158063
2392,4147.265661111371
2393,3808.710152759545
2394,4536.793907308305
2395,3817.224266517777
2396,4111.170030006454
2397,3896.57454857656
2398,4336.969808228829
2399,4447.9898117374305
2400,4486.071130538793
2401,3973.7109000856854
2402,4050.591779246448
2403,3755.5829610776464
2404,4173.40984832458
2405,3830.3339135709066
2406,3990.03698502779
2407,3951.87084366014
2408,4170.282644401997
2409,3979.887070724091
2410,4469.863089929737
2411,4180.51329309268
2412,3841.7284445930763
2413,3781.6267835133567
2414,3639.058498337842
2415,4096.672716562991
2416,4075.6867450493864
2417,3985.967172692919
2418,3514.262413485775
2419,3972.256058944892
2420,4214.862126048931
2421,4037.9330381780487
2422,3832.439984045627
2423,4092.575310769462
2424,3780.6661801685323
2425,3671.432757829215
2426,4450.5134586335635
2427,4148.986046444407
2428,4095.0707728425514
2429,4352.987297562502
2430,3906.987567211616
2431,3742.2831189054177
2432,3753.1658133409273
2433,4257.906481448939
2434,4206.348042280082
2435,4145.314630038734
2436,4307.181699634279
2437,4128.31539813338
2438,4188.851618632478
2439,3686.7697857521703
2440,4183.366970438986
2441,4396.265299352797
2442,3988.263679914043
2443,3618.4094155498356
2444,4197.789848271912
2445,4309.17862225251
2446,3783.8775993734635
2447,4175.853516738656
2448,3955.1556557627496
2449,4170.308245905692
2450,3894.982472377829
2451,4350.054292441178
2452,3936.5477825268117
2453,4357.102697923003
2454,4266.242201594825
2455,4218.847348135432
2456,3745.4436420100046
2457,3896.2998457984277
2458,4136.919227662088
2459,3879.606962117204
2460,3882.1994556829777
2461,3973.5283158309594
2462,4396.193890942536
2463,4214.716385982364
2464,3980.2717281384466
2465,3989.929437044411
2466,3933.1830816414267
2467,3824.835724372464
2468,4006.711758235555
2469,3853.206098472049
2470,3826.940151742445
2471,3942.1480483523765
2472,3530.4924735978448
2473,4393.673736456507
2474,4357.157430108883
2475,3677.9716211334917
2476,4039.9335851651595
2477,4207.550172570387
2478,3587.2271690498164
2479,3847.8199661138497
2480,3864.4140569763167
2481,4176.623454785555
2482,4215.712334465369
2483,3891.472547805231
2484,3611.494456826389
2485,4105.541771384309
2486,3548.8121236430807
2487,3704.3687903659547
2488,4016.223699315984
2489,3726.1105906780963
2490,3668.669825360683
2491,3870.7576559875824
2492,3849.2225539486662
2493,4304.6926513216295
2494,3667.654881040875
2495,3613.6282000463752
2496,3832.759321100433
2497,4111.93248493766
2498,4059.466326266011
2499,4321.26211027407
2500,3828.796061784614
2501,3883.0099121821895
2502,4037.38780256277
2503,3981.5223012470083
2504,3796.29491791655
2505,4347.001904386445
2506,4275.268043109688
2507,3935.1993478090685
2508,3997.209042035396
2509,4180.824545180151
2510,4102.016591056146
2511,3834.1520604826824
2512,4053.3447921319644
2513,4034.4126107169513
2514,4105.317912492215
2515,3814.4730063062075
2516,4306.505886923053
2517,4015.1196955672035
2518,4034.054636270148
2519,3530.1607815111247
2520,3942.2306179153693
2521,3580.6167495322075
2522,3887.9611509630795
2523,3755.329970965386
2524,4522.877613693564
2525,4257.676553763975
2526,4079.9800784647196
2527,3729.3482273981026
2528,4218.607366425689
2529,3652.5116822837317
2530,3864.3437562255285
2531,3943.67678258284
2532,3672.7108570315972
2533,4066.4015434169814
2534,4026.2999549048336
2535,4113.792292750808
2536,4218.339102875343
2537,4069.108463640282
2538,3645.59215964164
2539,4070.432105677797
2540,4026.3594293725223
2541,4023.7837080637373
2542,3918.097698186131
2543,4423.524907150305
2544,4108.969402542767
2545,4396.282190815854
2546,3771.2132458337665
2547,3953.5072896115935
2548,3552.2719724626377
2549,3642.802908542946
2550,3710.578382853325
2551,3916.903644528952
2552,4186.406231049724
2553,4260.215395300762
2554,3790.212060708275
2555,3923.0280747012257
2556,3916.667254084815
2557,4244.411656469201
2558,4098.161060622646
2559,4051.0768744820216
2560,3885.740553669177
2561,3641.2289605524534
2562,4349.282449515128
2563,3670.6262553092506
2564,3909.757294599921
2565,4160.628885411841
2566,3865.7232284206884
2567,3975.7903896021216
2568,4032.2589832647805
2569,4337.645822711982
2570,4107.0539592292735
2571,4019.159502267429
2572,3499.434592385911
2573,3732.4139558740553
2574,4279.791853872462
2575,3822.2670587914663
2576,4000.592344950036
2577,4470.540399354807
2578,3834.426935841355
2579,3983.4997970748514
2580,4024.9416813882467
2581,3995.523322151091
2582,3560.83277576913
2583,4239.059710447549
2584,4334.639692994702
2585,3836.7171933289164
2586,4164.556636641173
2587,4204.390392998082
2588,3714.739687744628
2589,4317.2186922944275
2590,3867.6354811559277
2591,4029.9850451202146
2592,4432.045934497184
2593,3638.5957381445096
2594,4069.0059324657987
2595,4356.88683329947
2596,3966.3155359187995
2597,4316.585364640324
2598,4043.4249947268454
2599,4036.1892787080806
2600,4166.348845327095
2601,4127.877713282612
2602,4005.8526303376243
2603,4153.998491970386
2604,3630.2603918886102
2605,3835.1644799648266
2606,3726.954744795602
2607,4373.588631510781
2608,4129.247791798141
2609,3903.156385043125
2610,3798.0991269309307
2611,3654.0242530602272
2612,4655.643018061111
2613,3571.0200770346073
2614,3935.322897408112
2615,4162.964186708678
2616,4181.926985162709
2617,3987.6636696776054
2618,3833.2800793737215
2619,4274.708088848096
2620,3639.0718658001056
2621,4081.572439481508
2622,4071.3685429718744
2623,4283.308347240067
2624,3822.837138686592
2625,3594.737402352553
2626,3682.3130609372934
2627,3630.2576675104892
2628,3985.451826692374
2629,3671.512640057148
2630,3715.9229689320928
2631,3735.688324880295
2632,3680.4618638203656
2633,3705.442585367903
2634,3876.388318824964
2635,4405.295948043167
2636,3781.8194576692295
2637,3808.9639020706913
2638,3841.2669030982215
2639,3732.2764502127425
2640,3955.236036676949
2641,4400.26741424952
2642,4131.094367165321
2643,4092.9681282115366
2644,4110.73766904114
2645,4152.804308803463
2646,4238.583603298734
2647,3794.2042935925283
2648,4056.0479887932293
2649,4047.438617906779
2650,3512.100446619281
2651,4177.102835335696
2652,4500.154099611072
2653,4087.8860720949588
2654,4311.990602096742
2655,4400.290767864323
2656,4431.443269453494
2657,4157.457317498526
2658,3521.194782278819
2659,4101.373230911693
2660,4483.475263104978
2661,4142.122007478551
2662,4082.116257593462
2663,4227.876746955492
2664,3543.522271259444
2665,3935.125870311552
2666,4208.527769749211
2667,4043.5696089411476
2668,4242.786579243433
2669,3983.7299330941582
2670,4014.550426668266
2671,4139.793691141196
2672,3718.847375424294
2673,3883.7614149602337
2674,4055.535273461116
2675,4190.36379268428
2676,4453.431946698741
2677,4434.6609799035605
2678,3713.4510907941094
2679,4600.344185410442
2680,4043.3570230250916
2681,3903.359664958165
2682,3645.0276261016525
2683,3813.3698465429
2684,3854.441109735167
2685,4526.6858624378465
2686,4322.167808471182
2687,4042.4124769183363
2688,4205.15277622844
2689,3960.066441077285
2690,3909.354097175883
2691,4256.705530353787
2692,4115.40510935284
2693,4164.862715707271
2694,4355.840369542411
2695,3615.1463116456403
2696,3768.709730795769
2697,4125.328967585261
2698,4465.430468556335
2699,4292.182157426667
2700,3886.0341636501935
2701,4364.462466541136
2702,4067.1039114983905
2703,3981.887199305097
2704,4224.773366463481
2705,4383.165430283761
2706,4120.786134459791
2707,4029.461221330212
2708,3927.203390176974
2709,3991.814901294808
2710,3493.133843405847
2711,3847.7728441029217
2712,4313.058127484429
2713,3983.413206458261
2714,3353.8949353935986
2715,3916.1033992524244
2716,3845.753955765148
2717,3997.7923495601517
2718,4396.85630382698
2719,3803.928981389622
2720,3844.352735377502
2721,3950.313481937676
2722,4295.754775242326
2723,4029.8804902337943
2724,3926.4281709201287
2725,4241.459706342428
2726,4120.018524776469
2727,3940.402228715113
2728,3690.4347372091597
2729,4037.061055764461
2730,3715.1755233776075
2731,3944.975212753999
2732,4015.4032192585537
2733,3772.0801966340114
2734,3958.009713031839
2735,4049.193002025426
2736,4147.459733550604
2737,4180.110336544444
2738,3627.184708045608
2739,4328.880303002245
2740,4139.585680776048
2741,3476.0304907649297
2742,3930.910644207147
2743,3585.414626773899
2744,4619.34199252528
2745,4187.508988730848
2746,3701.51577089625
2747,4438.8542389307595
2748,3930.9160664006495
2749,3805.0978031452164
2750,4124.450026944016
2751,3609.187132736821
2752,3965.9261954034764
2753,4236.0076035341
2754,4204.094115423679
2755,4233.399453964296
2756,3790.0073464578545
2757,4148.0366092894765
2758,3553.5015212173716
2759,4102.447611997484
2760,3991.2791954463582
2761,3700.8091630323643
2762,3958.014131545655
2763,4362.603109130449
2764,4113.990033066288
2765,3713.3802632940797
2766,3897.33243306027
2767,4211.798583430447
2768,4267.694562437397
2769,4067.156673957942
2770,3601.2344983275125
2771,3411.4984390967147
2772,4002.4835191722836
2773,4088.359007647182
2774,3987.0891140569383
2775,3946.4243604423273
2776,3936.7683498728247
2777,3884.9767035101204
2778,3716.7895109283863
2779,4005.8875521492
2780,4566.552898942873
2781,4073.6131315266994
2782,4209.457541620709
2783,3764.407646190367
2784,4232.1838876626525
2785,3911.2690975971623
2786,4283.915955455434
2787,3556.0403322331717
2788,3828.891808041513
2789,4129.942327667284
2790,4161.029949049108
2791,4096.0015206287335
2792,3947.226095564652
2793,4081.6418094927885
2794,3630.5100413222053
2795,4417.748668199676
2796,3801.921655527961
2797,3758.630731270171
2798,3617.98935922811
2799,4089.0286242926695
2800,3823.6604110314083
2801,3807.6510506643526
2802,4203.960663242517
2803,4100.116975036553
2804,3610.5805965280406
2805,3697.7504337897585
2806,4242.311229747137
2807,3967.1840420520844
2808,4088.9898232069763
2809,3852.499076956898
2810,4483.072146388373
2811,4118.849273761717
2812,4234.9063880539725
2813,4342.595150663716
2814,3953.8423846700284
2815,4451.138248706302
2816,4162.251431768432
2817,4077.9407645315996
2818,3901.343392823663
2819,4236.299576638032
2820,4211.999719312264
2821,3973.599421232914
2822,4405.079824273439
2823,4190.268913535892
2824,3974.0883693529017
2825,4125.843026679655
2826,4067.661673738341
2827,3948.6345768804413
2828,3907.3991301787073
2829,3974.792571751549
2830,3955.57536633216
2831,3819.5809808652916
2832,3853.173268373529
2833,4105.53835326264
2834,4122.093580442432
2835,3989.735588309461
2836,4140.10783628962
2837,3663.40689213526
2838,3743.041867754799
2839,4484.971289939289
2840,4361.706119160895
2841,3890.3366764439834
2842,4082.8273505131156
2843,4158.4700533937275
2844,4112.802814306606
2845,4191.114299892639
2846,4260.693434919836
2847,4189.374659826681
2848,3734.6377006206253
2849,4118.547117890643
2850,3988.0500231976775
2851,3976.436160340517
2852,3797.7161015915367
2853,4216.736701731425
2854,3720.696230045887
2855,4282.112376436127
2856,4289.623956730336
2857,3660.8733350767084
2858,3873.6789591554534
2859,3928.9121276826654
2860,3987.659725888092
2861,4040.040399927957
2862,3666.063079756164
2863,4179.084819061473
2864,3715.924564789989
2865,3909.215383524741
2866,3879.7904085599885
2867,3511.814804762709
2868,4331.874875328835
2869,4187.47497348262
2870,3956.784223760663
2871,4310.244230482374
2872,4248.77207784839
2873,4086.922756571257
2874,4254.83678769373
2875,4004.7443764344825
2876,3801.3609288278158
2877,4428.7270151946
2878,3761.4963798031404
2879,4210.883399366792
2880,3947.778929156686
2881,3721.048342764926
2882,4124.773243048571
2883,4343.998326033905
2884,4260.6310673563485
2885,4067.934591152331
2886,4186.7150940707215
2887,3815.4356266690465
2888,4260.804742198088
2889,4074.0167226798003
2890,4311.202137507838
2891,3932.5063709110173
2892,3751.0122703335483
2893,4238.05913025806
2894,3815.366392724114
2895,3982.2736677648163
2896,4080.5756840825775
2897,3997.238687894561
2898,3682.238100740487
2899,4280.479289113007
2900,3979.808379840749
2901,4054.329426527033
2902,3864.808080877974
2903,4306.773327569472
2904,3945.809640350354
2905,3842.8235779569522
2906,3927.403303699894
2907,4053.1548734596718
2908,3968.4547630891766
2909,3817.042427645156
2910,4219.101713703385
2911,4336.496997016243
2912,3939.2248917759543
2913,3964.284650777833
2914,3851.937232894612
2915,3714.493791027537
2916,4143.520357607837
2917,3751.2862317681634
2918,3830.4195793438666
2919,3931.854224552712
2920,3853.0933150318488
2921,4146.06995495028
2922,4337.8273610357355
2923,4291.274331157903
2924,3885.859988049861
2925,3881.421107074664
2926,3854.4710555604993
2927,3953.0368468306106
2928,4281.17654349446
2929,3792.4306212935053
2930,4379.10707000912
2931,3804.5066908888166
2932,3577.9513048008403
2933,4038.2843048682084
2934,3910.3460332506656
2935,4380.223048191484
2936,4282.372609204667
2937,4279.191131755852
2938,3722.1143276107205
2939,3591.4979139094094
2940,3823.167466134765
2941,4266.8946551897125
2942,3815.3272230662324
2943,4025.852955073323
2944,4094.4700642880052
2945,4381.4543205644395
2946,3974.7439768250174
2947,4030.277822732757
2948,3668.3109835022206
2949,3870.5315732716595
2950,3637.555133255326
2951,4003.28666133013
2952,4269.524418814055
2953,3966.4494978590174
2954,4446.246837533037
2955,3987.1567812239173
2956,3799.6936319011356
2957,4036.332913397129
2958,4094.6786680615096
2959,3552.77399000398
2960,4012.4690736815082
2961,4222.321714299025
2962,3880.4482732636743
2963,3427.5122333240206
2964,4382.6995846023465
2965,3988.356469307613
2966,3868.2849120464543
2967,3778.3440645542137
2968,4231.084555989506
2969,4437.505762333051
2970,4129.284470745487
2971,3914.9604371040323
2972,3747.192943293224
2973,4118.803435896138
2974,4407.130794503259
2975,3731.792345712491
2976,4038.403921972849
2977,3861.835088287361
2978,3842.0871582807627
2979,4473.492578862963
2980,3525.895971441545
2981,4033.849852238437
2982,4032.4695067182633
2983,3981.2849815817117
2984,4036.2927553469544
2985,3987.628787290696
2986,4424.614953913471
2987,4074.58797536595
2988,4147.058933025598
2989,4098.072413346061
2990,3679.1440392130835
2991,4358.162445215547
2992,3712.8437523857024
2993,4223.687967665939
2994,4159.1597487873405
2995,3606.773754734004
2996,4310.012510621193
2997,4561.308412952774
2998,3865.483578128268
2999,3918.6328926024116
3000,3669.8688583565317
3001,3799.0039394630876
3002,4244.769387572625
3003,4285.311340342123
3004,3730.65030032715
3005,4055.618008308639
3006,3663.605883484403
3007,3936.6231076141867
3008,4179.47904076893
3009,4257.62343299964
3010,3587.9148028977497
3011,3890.572019309557
3012,3592.903643675477
3013,3947.716049622307
3014,3821.6310094491973
3015,3852.134565753926
3016,3849.478000589646
3017,4405.8810505737365
3018,4363.838743560358
3019,3628.8405036593413
3020,3812.173556796361
3021,3799.3226448203613
3022,3899.521160312919
3023,4170.68842726764
3024,3789.254464953232
3025,3944.2452816413424
3026,4013.719370614319
3027,4139.303350911365
3028,4139.487887785803
3029,4012.363747044421
3030,3839.043475778403
3031,4033.747182658267
3032,4413.196583318034
3033,3673.5150203491303
3034,3685.6864639143464
3035,3824.2888303279115
3036,4266.023322438966
3037,4040.2020386613212
3038,3954.7702846680795
3039,3804.1346821838006
3040,4036.6929493387133
3041,4089.0685197199336
3042,3556.5630458946807
3043,4218.000373941241
3044,3917.6979276794377
3045,4041.088353544878
3046,4263.6494736332115
3047,4364.009387764259
3048,4277.876187418677
3049,3817.212280109231
3050,3532.823777255262
3051,4123.0096742065725
3052,3680.542682102089
3053,4236.888513678166
3054,4203.482855143283
3055,4061.1913032645234
3056,4217.334427731769
3057,3916.058293337478
3058,4354.260968761574
3059,4312.052688794851
3060,3899.20410458929
3061,3862.073308584122
3062,4174.975054208093
3063,4007.5261513905316
3064,3993.0529082774196
3065,3550.8058059947098
3066,3810.4993856367164
3067,3947.442296224075
3068,3527.0680812005558
3069,3904.269549067447
3070,3683.2054161011865
3071,3736.144721881049
3072,3685.3763738864573
3073,3988.845202407586
3074,3601.4042930484634
3075,4098.535311112172
3076,4435.22537831798
3077,4532.682103662015
3078,3681.024576854796
3079,3948.8567217019945
3080,4159.123082326172
3081,3668.6713867498893
3082,3582.4709842418315
3083,4341.722873686451
3084,3963.8184496706344
3085,3859.780085482467
3086,3720.5397944413726
3087,4277.345576672894
3088,4215.797187040083
3089,4354.511367449027
3090,4001.097250983816
3091,4219.095318253367
3092,3387.3215494153183
3093,4294.188980567876
3094,3841.878263835426
3095,4115.681732111851
3096,3665.0879748532707
3097,4183.650491639256
3098,3922.7320916296194
3099,4156.5011845329045
3100,4297.305715922168
3101,4337.441117992252
3102,3911.2033295596107
3103,3452.874202740702
3104,4293.850604768655
3105,4313.094189874761
3106,4117.582747316002
3107,4191.280392182051
3108,3960.947064398504
3109,3987.1769304100235
3110,4200.039232033959
3111,4326.822723324742
3112,3876.581375328155
3113,3918.1224277804467
3114,3889.5269633980733
3115,4191.438638951053
3116,3975.9150512871856
3117,3822.986198877972
3118,3522.628397489632
3119,3970.7764837769146
3120,3913.3304308445404
3121,4529.157788843027
3122,3695.718364657233
3123,4131.340886843249
3124,4176.391346833774
3125,4003.5375199118407
3126,4167.005129369523
3127,4088.760202086836
3128,4250.64922375376
3129,3999.7944133508763
3130,3585.392993365366
3131,4462.086073689673
3132,3876.9336204878236
3133,4456.949796075502
3134,4311.078761323335
3135,3789.4316084669185
3136,4293.464551540788
3137,4031.872724664988
3138,3872.0778521886996
3139,3570.243544403591
3140,3425.8338016131556
3141,4186.453748388341
3142,4073.52367770446
3143,4188.042429238144
3144,3705.653469263522
3145,4188.158692655343
3146,4015.641718301523
3147,3703.3620803570043
3148,4079.5587070798456
3149,3806.525684931833
3150,3887.9413639298
3151,3946.530849817305
3152,4568.969301609515
3153,4000.341006193912
3154,3844.24668104288
3155,4354.941061306058
3156,4086.733856862359
3157,3834.7455258033324
3158,4253.434568877141
3159,3883.572793198653
3160,4071.864685808874
3161,3945.3823258650004
3162,4199.703366393064
3163,3923.555606511308
3164,4195.707818755699
3165,4171.876384959906
3166,3724.865296194538
3167,3643.7769075015804
3168,4106.908380482042
3169,3912.557026498255
3170,4229.667878636965
3171,4012.940613679149
3172,3722.199300700775
3173,4189.805370986796
3174,3687.5135633110876
3175,3692.3186401604453
3176,4057.142434319879
3177,4326.804658132343
3178,3755.715809989454
3179,4487.778825514308
3180,4220.040897764131
3181,3972.193503739135
3182,4443.031294683828
3183,3641.4175237038035
3184,3965.172290775032
3185,3860.820741389089
3186,3753.79738424912
3187,4123.758720824629
3188,3940.139291955324
3189,4062.2454685130947
3190,3971.911167154643
3191,3907.462794555441
3192,3952.796655403923
3193,4048.316920111965
3194,3733.1603078679127
3195,3974.328702092066
3196,3742.0541047955903
3197,3870.287552421806
3198,4148.989179466686
3199,4026.377786097709
3200,3930.8323833412096
3201,3744.808927480828
3202,3740.3698814194686
3203,4422.334398031251
3204,3707.897092206343
3205,3585.639490986766
3206,4160.355619863799
3207,3838.273878631557
3208,3901.9963172227226
3209,3947.3211419310082
3210,3617.2851850233305
3211,4595.724970581317
3212,3795.9946826449477
3213,3748.6945394990316
3214,3699.3177114616556
3215,4027.0251155752403
3216,3922.0168939711475
3217,3599.4005399743446
3218,3668.2111745995644
3219,4211.616571009781
3220,3850.746909144546
3221,4598.5306021105935
3222,3662.5278160372227
3223,4298.083445430824
3224,3555.2967377978043
3225,3698.8115337946215
3226,4051.907959148167
3227,3925.1951882044723
3228,3928.0324084101003
3229,4221.956249449429
3230,4067.5222782741066
3231,3916.725458138102
3232,4245.043433967654
3233,4191.6793560706365
3234,3314.233466706107
3235,3650.2309629506017
3236,4428.6450336155385
3237,3642.2964693277563
3238,3473.4030524590044
3239,4179.075348061636
3240,4370.950912419923
3241,4017.104206327498
3242,3395.669109373395
3243,3884.644801573018
3244,3436.047607352023
3245,3945.295467864238
3246,4249.764091009532
3247,4086.867776983444
3248,4456.34777214976
3249,4336.259140377943
3250,3768.375460312909
3251,3579.6083814290832
3252,3797.341394960738
3253,3872.379742002682
3254,3742.6577484948684
3255,3871.803182735285
3256,3542.7413550247675
3257,3947.4880037426356
3258,4004.653062323101
3259,3942.995277457532
3260,4091.801655649256
3261,3520.021700513612
3262,4078.597146133461
3263,3539.505640143727
3264,4073.606486523502
3265,3842.1080856247268
3266,3840.235364800344
3267,4493.958215691869
3268,3769.708776653854
3269,4284.802906023546
3270,4171.285773633477
3271,4341.229814389408
3272,3750.3801902422965
3273,3884.8169796474263
3274,4143.262559521415
3275,3893.188023235406
3276,4060.5616495087716
3277,3578.2027303645655
3278,4358.126127355266
3279,3835.87692712033
3280,3977.033261843252
3281,3836.730673295724
3282,4087.079957082429
3283,4168.833950138895
3284,3605.0305453262617
3285,4387.667569090439
3286,4383.363009577512
3287,4158.675354895086
3288,3999.7039140034994
3289,3915.273243360777
3290,3822.69994415818
3291,4082.856937034154
3292,3925.4224215705217
3293,4438.343913811272
3294,4379.4668202980565
3295,3898.1635544074306
3296,4032.389808189533
3297,4095.597321268043
3298,3909.4421151797355
3299,4031.582918547717
3300,3835.3326319879498
3301,3896.2010803986577
3302,3970.2698770784546
3303,3977.6693892922412
3304,4195.7322026775
3305,4408.346698111887
3306,3962.2412706008604
3307,4109.547877023265
3308,3635.035467061972
3309,4037.6724341603294
3310,4299.832421469273
3311,3572.255431426373
3312,4328.244587455056
3313,3839.5024620493987
3314,4378.053978865175
3315,4407.0402046865165
3316,3689.7985050950183
3317,4182.886663623387
3318,4388.842604340904
3319,4123.965631127917
3320,3868.892801515673
3321,3797.790006592665
3322,4154.893835103139
3323,4400.925739970156
3324,4545.971912395627
3325,3839.355830685956
3326,4081.7681907728256
3327,4173.352111980434
3328,3756.6178906216537
3329,4271.807465325201
3330,4064.80549243969
3331,3894.7519340458057
3332,4339.202734613158
3333,3794.0594171531457
3334,4028.5685746421595
3335,4254.318532725505
3336,3953.930559859244
3337,3685.0072707737036
3338,4242.29847002132
3339,3447.422738537431
3340,3635.5150491935433
3341,3940.257636795166
3342,3615.140055654373
3343,4143.831057545131
3344,3900.640841916883
3345,3696.5476514299257
3346,4023.382550438798
3347,3795.2194564408937
3348,3703.109408825818
3349,3827.5647323938424
3350,4185.605835639295
3351,3944.8349237997927
3352,3765.712934468731
3353,4130.843208619755
3354,4274.218327162615
3355,4031.9656716315394
3356,3889.1948607459344
3357,4379.681591209649
3358,4007.4190210601605
3359,4227.238428100337
3360,3776.9749709526623
3361,4143.283634344777
3362,4001.0347961873977
3363,3881.106203190645
3364,4506.0840228263805
3365,3594.1688832682066
3366,3667.1146416369047
3367,3607.4663258708792
3368,3692.8481606242003
3369,4438.215901663936
3370,3955.316455861573
3371,4379.718454389737
3372,3790.427709444215
3373,4081.6485052300004
3374,3895.6853858806144
3375,3869.181709352186
3376,3986.7830029943425
3377,3982.417152556891
3378,4051.276135464389
3379,3908.1264215516667
3380,4437.757530490617
3381,4218.033105695415
3382,4080.925200317207
3383,3966.997968866943
3384,3623.5878748650985
3385,3992.218870790347
3386,3755.7472696333543
3387,4053.1726105610983
3388,3773.9383347797225
3389,3749.1571465416764
3390,3733.4647877720363
3391,4116.79016783997
3392,4034.652542373548
3393,3518.4015802695203
3394,4293.136628434984
3395,4007.5009303390907
3396,3850.8553512792214
3397,4175.328477321224
3398,4338.497859724581
3399,3372.1782609008496
3400,3941.534322481959
3401,3902.8348017594935
3402,3847.8015589191964
3403,3436.218566384447
3404,3890.017785130666
3405,4168.801563315708
3406,4270.914998702277
3407,3911.85975579882
3408,4265.304712276135
3409,4084.4910578904874
3410,3992.1261467579934
3411,4237.095272293924
3412,4078.445157512332
3413,4342.325964659205
3414,4106.634027899265
3415,3653.5368331023533
3416,4103.718510827969
3417,3731.697045504751
3418,3426.3370456439816
3419,3725.3591521072917
3420,3823.99818809498
3421,4431.422295683957
3422,4384.46473724761
3423,4109.405954397276
3424,4078.7445867207016
3425,4157.68591875852
3426,4169.078620768629
3427,3931.185519843382
3428,4461.736517435685
3429,4516.658381575048
3430,4315.961562741607
3431,4469.471315942974
3432,4085.0455575362525
3433,4161.933492994325
3434,4478.269561249791
3435,4295.358803355401
3436,3894.0622636085036
3437,4158.9299819316775
3438,3795.9386938288335
3439,4032.8178415631214
3440,3339.158737639752
3441,3959.5045264043156
3442,4496.397186123324
3443,4273.37314654334
3444,4016.9177236822616
3445,3958.6646635117227
3446,4415.48112702437
3447,4400.979649313077
3448,3710.403994021559
3449,3698.0928792429086
3450,3653.2311669127275
3451,3518.189027943429
3452,3628.7860717223657
3453,4125.440834122953
3454,3900.968100718067
3455,4161.348767117035
3456,3983.6503603607807
3457,4160.8176396042345
3458,3443.2688109025084
3459,3590.25228849056
3460,4230.52631703122
3461,4116.429898535814
3462,4023.991822749683
3463,4583.53894909206
3464,3851.9793722291924
3465,3905.2722049078448
3466,4097.878127650376
3467,3882.1308550258027
3468,3706.398346737714
3469,3992.39357010273
3470,4351.815691801351
3471,3795.472856661683
3472,3490.5404824256984
3473,4095.8120676150816
3474,4270.734611369569
3475,3794.5585820411843
3476,4166.347432032711
3477,4238.417286558657
3478,4144.513901917586
3479,4161.754516642437
3480,3750.710772877113
3481,3780.406434068509
3482,3721.883919452612
3483,4015.8262227388705
3484,4102.8114269485895
3485,4200.851545556056
3486,3848.4133900421994
3487,3948.340054252722
3488,3730.544688592235
3489,4202.794538885229
3490,3720.6716056464384
3491,4094.6815494310663
3492,3881.6199604882313
3493,4090.3978219996293
3494,4376.864550758626
3495,4265.749013112027
3496,4074.888714106946
3497,4359.0394168863795
3498,3707.9122813301146
3499,3940.895320758943
3500,4567.3904825231075
3501,4085.3213451714
3502,3749.219537234323
3503,4350.22274859677
3504,3831.536312391757
3505,3894.2173642284843
3506,3650.2173494640256
3507,3814.897487344231
3508,4087.8269819701554
3509,4371.668666708481
3510,4093.8471208203355
3511,3730.7963768961754
3512,4108.892113783481
3513,4387.924089900218
3514,4273.915813929089
3515,4193.957235059122
3516,4053.845661399695
3517,4316.994047380231
3518,3880.6305209736884
3519,4050.3608315167685
3520,4293.9644924059685
3521,4180.991721725688
3522,4249.964415751487
3523,3820.42720273777
3524,4001.514503731134
3525,3634.3335171002623
3526,4347.001143095993
3527,3437.2792571617456
3528,4286.862454514263
3529,4210.025288752002
3530,3791.6198612904245
3531,4387.899211062923
3532,4443.965394525875
3533,3794.3480983616782
3534,4101.189354301226
3535,3786.9084077679117
3536,4231.586544373231
3537,4096.429138014983
3538,4095.821036684746
3539,3811.9584711017114
3540,4204.626612005947
3541,3798.6808341065744
3542,4238.408438471037
3543,4054.1893267144324
3544,4135.779457904794
3545,3937.53525969392
3546,4133.664386647516
3547,3942.1266336943017
3548,4146.696022420217
3549,3952.975009330775
3550,3942.8553702320946
3551,4091.681874729832
3552,4012.4990456727705
3553,3948.840655530617
3554,3721.051275607427
3555,3952.7388491196793
3556,4292.984474184246
3557,3751.040442510508
3558,4128.958411238999
3559,4126.625291304527
3560,4195.436849733467
3561,4389.003997545643
3562,4426.820415016376
3563,4285.286931401988
3564,4093.1048749551537
3565,4152.301633596966
3566,3645.5038482716327
3567,4468.46509673197
3568,3982.2495059727694
3569,4155.885883603663
3570,4331.550356076373
3571,3929.0895649535505
3572,3775.4501636663285
3573,4107.489962812453
3574,3982.2969421929397
3575,3969.8331674197034
3576,4235.41765184653
3577,3562.2009773081677
3578,4276.306604585542
3579,3779.1294699549194
3580,4099.9794717478335
3581,3946.4611412438253
3582,3723.337130808879
3583,3981.7777509261596
3584,3728.991785911281
3585,3700.3377155425483
3586,4088.014998409888
3587,3939.412617159948
3588,4585.984500764083
3589,3798.8778228291603
3590,4513.657574595957
3591,3833.420127079902
3592,3950.8290210861214
3593,3701.859983227673
3594,3909.791377997989
3595,4187.977675856888
3596,4257.956072891181
3597,4225.555496100375
3598,4112.071522059917
3599,3832.36295514438
3600,4110.812563005932
3601,3674.010356141559
3602,4149.2118727318575
3603,3557.8900070927048
3604,4027.3126546064836
3605,3747.6074607624832
3606,3715.416784402747
3607,3767.950377811128
3608,3807.6982498478046
3609,4135.206994345642
3610,3782.1320877900807
3611,4479.023419741312
3612,4524.882458035611
3613,3797.6731474254116
3614,4076.0481356963364
3615,4075.407676136292
3616,4093.909301801754
3617,4176.951634144743
3618,3513.089271945361
3619,4335.2423574853965
3620,4512.360486399093
3621,3982.0285619129354
3622,3801.254880874432
3623,3796.612293034639
3624,3797.5034920737053
3625,3670.1595205473914
3626,4230.80424266495
3627,4141.900233613517
3628,4482.942526409053
3629,4264.033851634424
3630,3985.6105613589043
3631,3617.9493196008775
3632,4529.260948022123
3633,3895.563814693909
3634,3724.4951947934433
3635,3885.4648081904406
3636,3754.3841796378524
3637,4058.878547451898
3638,4284.025588368584
3639,4165.893779490238
3640,3780.157426947276
3641,3916.7068465712173
3642,4437.236632046755
3643,3560.1639523806143
3644,3860.277342777333
3645,3815.660158020992
3646,4276.296319872891
3647,3910.3422507432915
3648,4083.7086674545035
3649,4070.8013587195537
3650,3794.78261062786
3651,4141.77774213625
3652,3584.171142045311
3653,3682.1185755321676
3654,3994.834510947082
3655,3906.9030476738644
3656,3753.3891090365937
3657,3965.4259363999
3658,4344.732087187881
3659,4126.404764721545
3660,3930.2575902400736
3661,4110.6024633545085
3662,4347.190104421474
3663,3921.2952390025284
3664,4040.397155679777
3665,4436.727165406457
3666,3704.8731257978766
3667,4148.502952136228
3668,3653.7188348077834
3669,4371.600694392495
3670,3729.6299388653715
3671,4213.472786034497
3672,3736.7973813634044
3673,4621.905165604635
3674,3557.2111353330633
3675,3738.1164581587855
3676,4034.071765554409
3677,3906.7752487250837
3678,3918.8129361074143
3679,4403.0235644233735
3680,3542.5345982413264
3681,3952.063426770871
3682,4075.735721590847
3683,3767.4774372115025
3684,3856.0729439558568
3685,3993.956706390416
3686,3856.5060158927836
3687,4007.9712979393134
3688,3895.38776219974
3689,4057.410221105758
3690,4152.529681862244
3691,3724.2160259558646
3692,4304.800153985108
3693,4449.834124534558
3694,4057.9887658940665
3695,4067.663199162687
3696,4077.723011769287
3697,4198.247368330947
3698,4179.726048059025
3699,3803.7021429286674
3700,3644.617067070215
3701,3890.5944754872407
3702,3636.1932374423986
3703,4062.713207423965
3704,3975.7114285882863
3705,4569.615113762264
3706,4120.227130656816
3707,4054.9920320882748
3708,4099.2539804060025
3709,4394.426767246322
3710,3705.682056308243
3711,3681.8556071224552
3712,3976.254178467716
3713,4204.048123240379
3714,3813.8228794321785
3715,3676.1917531032286
3716,4054.338037173768
3717,3885.0268471702993
3718,4148.477594716094
3719,3662.9813099961125
3720,4483.051634476097
3721,4137.480287211406
3722,3894.0439934161855
3723,3476.9982192846783
3724,4018.6663531461013
3725,3992.0716081431774
3726,4446.929798799028
3727,3811.7496943103397
3728,3785.3016492786774
3729,4469.082629553357
3730,3986.9511245695685
3731,4189.509198296185
3732,3813.5882439823445
3733,4449.894384686747
3734,3796.778528354269
3735,4417.796683114479
3736,3395.2495655280654
3737,3500.1169555084984
3738,4132.344639601781
3739,4063.507758994807
3740,3771.164849882508
3741,3660.3293130365446
3742,3949.2709717673097
3743,3327.3211442537504
3744,4353.949845657045
3745,3687.7874917461663
3746,3943.2154746383303
3747,3626.1847568502517
3748,4385.447304938868
3749,3937.2125740046167
3750,3991.3094591190256
3751,3877.2533917723076
3752,4030.4781658466254
3753,3770.243110758864
3754,4064.39065273822
3755,3991.8190786269574
3756,3832.987343877017
3757,3563.7067438382055
3758,4001.3019181139443
3759,3844.0746111128656
3760,4341.653772780135
3761,3669.712709267661
3762,4136.14898626694
3763,4246.340317220098
3764,4198.281123075884
3765,3950.8995152417106
3766,3662.8150707613077
3767,3829.125361322543
3768,4003.425254980584
3769,4434.901842501632
3770,3478.9321661766235
3771,4036.1570455205037
3772,3784.9886208828443
3773,4157.270456992126
3774,3879.5341863954663
3775,3863.927221723139
3776,4158.357009449708
3777,3947.5100886312202
3778,4244.993283763179
3779,3710.7949833963617
3780,4359.490381107924
3781,3469.9113472539084
3782,3720.1503498096245
3783,4298.732591719031
3784,3733.010179911739
3785,4233.875466469751
3786,4173.250542087122
3787,4240.393312455395
3788,3840.469381317729
3789,3770.9428889855008
3790,4223.496174873328
3791,3959.0434550196596
3792,3855.1893201620883
3793,3736.5663769793055
3794,4202.692438548352
3795,3600.8521875966644
3796,4081.0508669849232
3797,3921.3562668683508
3798,4100.985601832542
3799,3596.010881110166
3800,3838.6368746503013
3801,4344.788878911726
3802,3965.786250682537
3803,4428.101551045784
3804,3958.124801383873
3805,4135.4529200339175
3806,4140.52512833095
3807,3551.595217037606
3808,3788.1687635642356
3809,4086.822695936987
3810,3980.1273071178543
3811,4076.5981014414874
3812,3646.573283896495
3813,3835.5288008091375
3814,3714.6136811368315
3815,3933.6876986257403
3816,4213.925393103795
3817,4415.327466640671
3818,3853.5501443146145
3819,3810.252510710438
3820,4386.803975253703
3821,3711.1935831479577
3822,3865.662882991148
3823,3986.366851069014
3824,4132.087698135665
3825,4462.633003768399
3826,3720.1676408215176
3827,3689.583870827738
3828,3775.690461521136
3829,4024.230374120918
3830,4645.198247505983
3831,3799.545610048227
3832,3556.4214084980495
3833,3776.926789241247
3834,3815.420295759851
3835,4163.523788194493
3836,3465.0867375676826
3837,3594.0387286272216
3838,3927.7751996307816
3839,4083.710328618279
3840,3948.6135155867123
3841,4400.281774478441
3842,4258.342184521175
3843,4095.0405873718337
3844,3967.689995850211
3845,3731.923447963997
3846,4427.0945704501155
3847,4557.370539288448
3848,3762.0687860602334
3849,4076.281508992636
3850,4075.4160650572767
3851,3736.0935666800688
3852,4258.274500368867
3853,4025.387300351741
3854,3778.6980058772615
3855,4144.124941783971
3856,4061.9367495866736
3857,3867.431541542189
3858,4158.979827257449
3859,3789.9649616602014
3860,4331.781300634622
3861,3723.275347456831
3862,3523.6977537379807
3863,3471.673308645196
3864,3916.058995208349
3865,3769.8917664302685
3866,3961.7236310395165
3867,4153.155824723875
3868,4019.1748035340424
3869,3732.6919141425115
3870,3755.8529810435984
3871,4144.1130798827235
3872,4296.980603117391
3873,4371.126490550181
3874,4177.6281317060875
3875,4350.656493152605
3876,3566.849343890059
3877,3867.25904363895
3878,3923.0538510782803
3879,3792.4334956100347
3880,4398.713734633337
3881,4309.175013471049
3882,3799.419873588041
3883,3856.401024724427
3884,4343.868941129636
3885,4053.112725079308
3886,3574.766808249453
3887,4517.0439261192105
3888,4015.587920572416
3889,4341.584185580003
3890,3303.749054398555
3891,4174.031413210772
3892,3634.3921092086475
3893,3646.216460991495
3894,3710.7029508144306
3895,3600.5728433720046
3896,4261.130370024386
3897,3739.277493258557
3898,3695.7471291806924
3899,3798.9054708249796
3900,4193.367378767219
3901,3817.5136893760186
3902,3985.2856296165683
3903,3783.5361463152076
3904,4390.893994220901
3905,4068.73869981232
3906,3815.721054235368
3907,3521.7824714929766
3908,4332.008379692306
3909,3984.5508096560397
3910,3543.66673018343
3911,3789.5089011156524
3912,4090.323133048751
3913,4190.390153157029
3914,4009.9045085641255
3915,3970.071270214551
3916,4476.755458073851
3917,3730.8128379706322
3918,3851.5521151201683
3919,3941.0792047702307
3920,4049.2692117290153
3921,4069.908064489111
3922,4182.099405084617
3923,3773.659694417812
3924,3720.957876696073
3925,3629.653565455422
3926,3535.7270444403584
3927,4075.49508354727
3928,3701.719621143814
3929,4338.374258236137
3930,3564.7279628268607
3931,3881.123698770578
3932,3946.76525304379
3933,3661.4751696246353
3934,4141.780699711877
3935,4215.6599202432135
3936,4021.8424886404086
3937,3904.5144963330326
3938,3849.978007408044
3939,3690.469560890532
3940,4001.078131228869
3941,4079.7201812048033
3942,4147.504474000372
3943,3973.287923419534
3944,4053.238846916503
3945,4029.0499645108093
3946,4167.697207368156
3947,4150.008167448054
3948,3994.186394997841
3949,4095.768139620508
3950,4125.21305599081
3951,3719.3414541823213
3952,3895.558620912864
3953,3501.7071219909158
3954,4095.785502771872
3955,4248.04451107299
3956,4373.19361036897
3957,3733.815652624721
3958,4006.14563796535
3959,4218.916319595073
3960,3806.77769608555
3961,4021.4583095428598
3962,3471.446002796663
3963,4359.056882445913
3964,3897.969348040885
3965,4095.884607896619
3966,4261.193946661939
3967,4445.361445403139
3968,4022.66000011695
3969,3515.868827133613
3970,3934.4726854040396
3971,3785.6118247079694
3972,4375.10316757426
3973,3819.3385257301834
3974,3706.6940391646885
3975,4292.984866438423
3976,3968.4849194827166
3977,3971.6168441472655
3978,3988.762157507348
3979,4126.254453338723
3980,4214.472702538671
3981,4420.788902335688
3982,3944.76074961003
3983,4277.605376398967
3984,4152.507710931384
3985,3888.074971618201
3986,3822.618221526966
3987,3382.5123208246723
3988,3911.4790965378147
3989,3983.7154811557266
3990,3781.5843917791267
3991,4478.542155627963
3992,4250.0472351203025
3993,3923.641052084936
3994,4141.016854054129
3995,3853.3766089004785
3996,3973.6197573182503
3997,4038.561080650328
3998,3962.150262050569
3999,3671.249368445764
4000,4454.427014790564
4001,3881.8784321194735
4002,3844.7996731689
4003,4513.101022748344
4004,3817.559561298419
4005,4080.311743430637
4006,4356.42939629975
4007,4397.9026750065295
4008,4174.586740831011
4009,4074.987145932658
4010,4173.930175322301
4011,4506.424952684016
4012,4040.9627327148874
4013,4280.18755117956
4014,4227.906468493949
4015,3492.791690505687
4016,4034.1873791588096
4017,3932.7078548509144
4018,3971.4730083875133
4019,4226.3197348438125
4020,4052.837674697599
4021,3973.3500790923517
4022,3721.2600442612074
4023,3964.7100768025593
4024,3741.743309258228
4025,3483.0155056061813
4026,4150.43073485012
4027,4137.904992584531
4028,3466.8397906585265
4029,3611.5202059641556
4030,3897.690820564035
4031,4342.96555690046
4032,4382.088689904227
4033,4219.019879286985
4034,3902.1971366824555
4035,4032.3543657441014
4036,3767.5417759884776
4037,4331.235659418997
4038,3792.5735624391773
4039,3935.010906738832
4040,3490.585194607939
4041,3673.4417728080634
4042,4413.285371464558
4043,4215.833590168238
4044,4283.304208060908
4045,3905.9235682224844
4046,3807.115328583681
4047,3882.509124283296
4048,4425.173647596715
4049,4021.4448771560837
4050,4033.8208541606245
4051,3968.6744045288215
4052,4123.518391244501
4053,4287.48396078278
4054,4017.959385587249
4055,4461.994256814193
4056,4331.398460686693
4057,3793.2426297935376
4058,4172.710125042089
4059,4159.961416034246
4060,3958.4896944193174
4061,4097.904540036785
4062,3805.4652291988086
4063,4379.527149059964
4064,3689.807699095869
4065,3683.891330474472
4066,4425.906809223281
4067,4324.771547513643
4068,3783.41078632853
4069,3449.0690826944515
4070,3977.260336065049
4071,3973.292424011116
4072,3834.5120628923137
4073,3806.6420891686876
4074,3709.9442128217215
4075,4316.00017246849
4076,3929.982596671684
4077,4130.823097530771
4078,4342.91785076307
4079,3782.6920443672407
4080,4189.349713830489
4081,4100.715996239091
4082,3903.3511212733597
4083,4230.08589494913
4084,4081.326148040932
4085,4039.9013019840577
4086,4173.790809420847
4087,3917.7710208941417
4088,4312.7605717539245
4089,4091.0458308840944
4090,3690.812776427509
4091,4238.791600104885
4092,3932.8347969544566
4093,3921.3746654639917
4094,3588.9300069396213
4095,3839.1398401471088
4096,4340.566968239863
4097,3894.5495680477625
4098,3656.3939791414914
4099,4000.501496211409
4100,4152.861410098014
4101,4318.54782875571
4102,4199.006726205656
4103,3614.2441002972773
4104,4327.70809564821
4105,3640.758808312384
4106,3856.5726948121096
4107,3558.356731568372
4108,4071.1876893351573
4109,4111.57112350819
4110,4178.568189598373
4111,4140.811371497262
4112,4169.031568544884
4113,3932.170870961301
4114,4075.95193736477
4115,3881.9011383337925
4116,3947.5719879871913
4117,3940.1316050030655
4118,3778.4216650997405
4119,3756.023276568231
4120,4255.721264332621
4121,3713.355933788217
4122,4127.401934120722
4123,3726.93623017683
4124,4359.130182982817
4125,4024.6631408969633
4126,3498.732016544731
4127,3826.3423224497574
4128,4236.259903728269
4129,4148.1008310572215
4130,4242.956556890376
4131,3666.4147792248286
4132,3827.6124090804824
4133,4286.86281451326
4134,4151.339258500427
4135,3445.8604365058945
4136,4462.8794059897555
4137,4276.004228053194
4138,4100.923242422961
4139,3674.1432442879054
4140,3868.8055271611743
4141,3871.696276934106
4142,4087.1114197432844
4143,4161.131766984872
4144,3838.6632745860525
4145,3608.933249290727
4146,3875.5546527640067
4147,4386.836319378471
4148,4281.786119613311
4149,3890.179601911242
4150,4141.784966628609
4151,3888.5275586297666
4152,3985.1824932812465
4153,4159.672904711937
4154,3968.976630266201
4155,4260.896303906822
4156,3511.577414103616
4157,4305.126782860078
4158,3874.353146676279
4159,3654.2703971623177
4160,4346.362273152541
4161,3779.0246011951613
4162,4539.000541214365
4163,4196.07567224368
4164,4170.513534491673
4165,3840.7008359331485
4166,3891.5996419753224
4167,3981.808282023435
4168,4297.13992653934
4169,4252.969715964582
4170,4199.042119241621
4171,4042.781256508425
4172,3921.9656995647615
4173,3535.756751604497
4174,3979.8378232140103
4175,4190.918345626213
4176,4296.159163370028
4177,4005.578897755459
4178,4139.51220945877
4179,4583.09389405663
4180,4015.391441871018
4181,4262.1400371583495
4182,3950.1050394772456
4183,4503.982982564208
4184,4266.50173770992
4185,3844.5894677775477
4186,4223.345446197779
4187,3967.2302791091233
4188,3706.993679305763
4189,3805.606850264971
4190,3928.02934040922
4191,4553.997351499009
4192,3763.7035608930755
4193,3985.293828040368
4194,4125.53688392085
4195,3564.3990496263405
4196,4016.6535377956234
4197,3620.0617978900355
4198,3805.5960352454877
4199,3486.124842211765
4200,4202.003062194663
4201,3743.0726921377145
4202,3950.699362600868
4203,3745.6649513332677
4204,4149.6742165038995
4205,4207.3065845564315
4206,4104.6187886180305
4207,4060.3983384557764
4208,4078.9925845598937
4209,3692.4180883674244
4210,3748.4944908593916
4211,3946.825448100465
4212,4178.92376931742
4213,4056.0969684236347
4214,3868.1453714859254
4215,4017.9506128916755
4216,4314.868560592278
4217,4303.718674357203
4218,4204.743599497741
4219,3948.383928598297
4220,4057.567768791341
4221,4233.358324065202
4222,4256.175507394639
4223,3696.342407154266
4224,4152.567927347745
4225,4302.400187949119
4226,3645.86147772623
4227,4244.710441304762
4228,3387.0038248967385
4229,3607.906166629458
4230,3817.5599134352924
4231,3871.3941140600996
4232,4186.010729139041
4233,3682.6789866470353
4234,4115.392793201219
4235,3881.7775845435895
4236,3838.793381095841
4237,3998.078137470324
4238,4058.0569797355547
4239,3674.3144520502665
4240,4009.583710652527
4241,3856.924205928921
4242,4116.384300685282
4243,3855.496498531063
4244,3962.888601846901
4245,3860.4342538831243
4246,3989.098384309084
4247,3950.300615589607
4248,4659.90557335668
4249,3690.3987879956985
4250,3890.057806863095
4251,3979.9040389514857
4252,3478.845487231841
4253,3962.4559162240707
4254,3861.311781479856
4255,3771.9724237399128
4256,3453.531892335756
4257,4433.710289048436
4258,3915.65451773891
4259,4058.8547860643757
4260,4382.952383262492
4261,4131.470680020428
4262,4118.97285713157
4263,4137.175811047609
4264,4146.48536154389
4265,4229.084200994946
4266,4418.317430147605
4267,4351.055007401871
4268,3789.2607274659226
4269,3638.0088473894684
4270,3439.0048986089237
4271,3461.675977987516
4272,3623.102356971902
4273,4307.719243684723
4274,3906.7170309925436
4275,3856.2070885513913
4276,3917.4711443722645
4277,4010.265390589866
4278,3668.310679177679
4279,3802.3634325260246
4280,4206.960990575515
4281,4138.80239716464
4282,4156.623571209273
4283,3739.9683554878084
4284,4085.206705848508
4285,3993.9506481486887
4286,4018.0097624916266
4287,3944.128009867658
4288,4020.4024127603816
4289,3866.6219430293772
4290,4161.82864569509
4291,4192.506132745332
4292,4043.5573009715617
4293,3817.7695756129187
4294,3715.9136096819007
4295,4007.770243904783
4296,3753.45862834708
4297,3815.415248895856
4298,3548.742752178773
4299,4102.578448335783
4300,3907.264466094145
4301,3914.730136676728
4302,3994.8078647475822
4303,4208.296976308956
4304,3876.5752618245897
4305,3808.50181257083
4306,3879.2592579922784
4307,4037.7960446558973
4308,3399.1654571529034
4309,4522.6330900974735
4310,3924.701078115186
4311,3600.3408777886343
4312,3533.051452510377
4313,4040.792307477336
4314,4040.183404271349
4315,4361.93771662805
4316,4206.789656468289
4317,3567.111958362031
4318,3919.8673213067696
4319,3871.5745067226617
4320,4478.846126091277
4321,3824.094366232891
4322,3841.2688636862194
4323,4261.325179693954
4324,3958.32448545877
4325,3738.9257438987447
4326,3547.2375271743563
4327,3897.702287245238
4328,4144.356845442985
4329,3735.6261894057147
4330,4073.673690565547
4331,4057.9764298851073
4332,3988.7417559011865
4333,3793.9727642171247
4334,3811.59575937916
4335,4481.127602883134
4336,4296.3931244082205
4337,4033.769447398794
4338,4050.1583405173765
4339,4150.645549252776
4340,3771.4013528438045
4341,3830.9297153508387
4342,3580.995149030142
4343,3691.13127229846
4344,4213.248578381003
4345,3568.665149909954
4346,4239.7781970964825
4347,4008.89178179483
4348,3868.215676229372
4349,3638.291530164185
4350,3741.9787074063784
4351,4380.4767531188845
4352,4219.518430263221
4353,4637.150751582003
4354,4580.022413618524
4355,4254.505754614752
4356,3763.9118710952616
4357,4052.5553275577863
4358,3776.512963752036
4359,4423.080001652135
4360,3788.5812680722
4361,3652.4586664957974
4362,4287.744273095017
4363,3662.7426326964323
4364,4285.753396272771
4365,4167.020978341488
4366,4157.840023577881
4367,3745.346775846289
4368,4174.204473662778
4369,3967.6665841480194
4370,3982.0945460458315
4371,4240.664374791562
4372,4065.601915692059
4373,4573.251080837381
4374,4130.37442851977
4375,3697.3768587597806
4376,3863.043865880062
4377,4126.957252302081
4378,4139.747434864032
4379,3907.5325602637927
4380,4202.822611179134
4381,3843.351589373052
4382,3701.1024108982056
4383,4164.032826260354
4384,3598.429212802893
4385,3575.6172156971984
4386,4468.211863991089
4387,3651.5082863419757
4388,3744.5751775153985
4389,4087.9013567903976
4390,4163.84412282167
4391,3871.754413932399
4392,4154.010014866452
4393,4058.3022815972986
4394,3852.9068208622357
4395,4153.393026050669
4396,3690.4183812747574
4397,3916.4712491120363
4398,3925.1249915157596
4399,3802.726481439417
4400,3929.3491718079513
4401,4164.23712838053
4402,4290.646042341755
4403,3875.4250030838302
4404,3668.4537603996655
4405,3597.2025052112367
4406,4489.593454209249
4407,4559.547811361734
4408,4000.872997310728
4409,4127.65096319733
4410,3810.7320579417
4411,4478.43699369115
4412,4250.6086130060785
4413,3809.1133194278227
4414,4270.142428813721
4415,4048.9193204209487
4416,4105.094217908281
4417,3668.8886403254137
4418,4262.0818411881255
4419,3904.466383651261
4420,3951.569731273917
4421,3958.0586209111466
4422,3903.235839023671
4423,3894.4556494739463
4424,3767.325481173627
4425,3751.213486834632
4426,4063.0931559625983
4427,4374.467306229642
4428,4106.146789639811
4429,4527.165421325087
4430,4176.057806890514
4431,3551.6688105318635
4432,4042.6835921732854
4433,4008.6501320169646
4434,4426.717895588272
4435,4073.1891126973746
4436,4364.636512657407
4437,4210.693676306211
4438,3842.350882267807
4439,4096.0832887683955
4440,3876.916862768
4441,4361.795092911519
4442,4190.470225126208
4443,3866.424440261817
4444,4165.187239379602
4445,3861.4905715000978
4446,4247.395060787606
4447,4038.762283717668
4448,3562.694787437661
4449,4254.952027578991
4450,4223.610005953797
4451,3777.598812118529
4452,3864.7615064815395
4453,3763.588700160405
4454,4004.5336669101066
4455,3648.814582069782
4456,3861.5908602108047
4457,3635.944521324692
4458,4158.6421964298415
4459,4152.69308639105
4460,4357.321698237876
4461,3507.4939922506264
4462,4206.74024318778
4463,3901.1353832756768
4464,3678.1638388067163
4465,3810.5360340344732
4466,4403.8960491002945
4467,4363.610341942395
4468,3817.3147565697277
4469,3680.2338605096948
4470,4210.361315458156
4471,3731.7290601607137
4472,3943.350703328595
4473,4182.669066821356
4474,3935.947869101291
4475,4208.909557727668
4476,3803.9678207413735
4477,4223.1563748363515
4478,4231.5641864630825
4479,3951.723364339564
4480,3780.2806625158296
4481,3698.7451459543017
4482,4010.325445597249
4483,4166.356981891159
4484,4243.461974121972
4485,3702.7781036210627
4486,4190.859790124236
4487,4007.0020397982435
4488,3966.8134555450442
4489,3964.64689935377
4490,4049.2107591938984
4491,4248.286619642504
4492,4280.071468956024
4493,3912.9259235937316
4494,4160.351016105506
4495,4043.7444376414737
4496,4504.066339758982
4497,3601.8693388031443
4498,3683.554616939648
4499,3849.4148990578974
4500,4146.9222239520095
4501,3768.14953000239
4502,4358.486433650726
4503,4154.8058964571965
4504,4124.16337685258
4505,3845.8143933692036
4506,4155.376558413889
4507,4026.946478656173
4508,4074.2719914029894
4509,3989.1715517408593
4510,4091.3280775460125
4511,4070.2592614048817
4512,3924.2096046880442
4513,3957.2411215651146
4514,4243.9118100622
4515,4133.559676808647
4516,3575.6875145226295
4517,4513.562568114677
4518,3817.6270450455568
4519,4061.422023300329
4520,4112.427627809518
4521,3965.734663665412
4522,3394.086537228336
4523,4362.681118183757
4524,4185.117175507855
4525,3661.4036993628006
4526,3672.6283926260667
4527,4098.869123599905
4528,3721.301670926775
4529,3983.805167731051
4530,4017.178146541107
4531,4523.439248809743
4532,3794.9483294594056
4533,3734.7315249961066
4534,3985.1358442844685
4535,4015.544887265287
4536,4447.065817242342
4537,4085.8871570136207
4538,4099.306727086066
4539,4065.9073163077196
4540,4205.2310920522295
4541,4029.494112500612
4542,3843.6919664249326
4543,4219.464469010303
4544,3787.1522632394003
4545,4102.280784653554
4546,3779.8880351925695
4547,3925.481128358617
4548,3872.3917922378687
4549,3499.868393610078
4550,4100.54956967041
4551,3591.003685316795
4552,3669.988758879558
4553,3807.401292820521
4554,3710.2942017968803
4555,3798.8851445781033
4556,4030.535309088217
4557,3948.5801292500923
4558,4160.4894248661385
4559,4486.934662544816
4560,4333.928988145528
4561,3974.9453778652933
4562,4035.493278523542
4563,3589.743630373457
4564,3884.702680985758
4565,3740.2474325778967
4566,3794.3578413781925
4567,3751.1138723267923
4568,3745.616578572936
4569,4284.86179003664
4570,4084.522283604698
4571,3951.6706072924026
4572,4307.856274050583
4573,4035.603873795296
4574,3674.006545338704
4575,4405.360402522209
4576,4645.047667651256
4577,4188.547040430645
4578,4000.0882033844673
4579,4012.852384629974
4580,3435.114076152354
4581,3895.1279410635802
4582,3875.5894571109975
4583,4251.677448108621
4584,3471.5206233033637
4585,4641.071838249098
4586,4156.090392036448
4587,3860.505227982726
4588,3896.8367313791878
4589,4494.480925201773
4590,4092.674117626623
4591,4111.904671732062
4592,3738.914082693643
4593,4102.163965667339
4594,4328.728446526675
4595,3862.0218017521347
4596,4041.867583149441
4597,4572.541198786686
4598,3912.250718100542
4599,4309.015627307074
4600,4122.249887570083
4601,4046.123902691269
4602,4231.871250508601
4603,4025.4703742593047
4604,4177.635071430818
4605,3816.254287652875
4606,3894.6748760959676
4607,3992.911200157981
4608,4423.936232575989
4609,4013.3396869451713
4610,4087.690651666133
4611,3947.3815254325964
4612,3388.679286242551
4613,3850.5891065389674
4614,4030.7756381031486
4615,3924.6514812642836
4616,3710.518589199228
4617,4385.919229947227
4618,3858.4873220489144
4619,4073.1604133116925
4620,4461.594307690472
4621,4154.639452731458
4622,4251.2914667389705
4623,4214.285916173896
4624,4259.471843034542
4625,3862.0549768082738
4626,4321.509107750798
4627,4257.22428846867
4628,3885.721840162494
4629,4030.9063622411504
4630,3621.854418264341
4631,3887.244053550703
4632,3555.943909266363
4633,4020.1598681290316
4634,4315.585245180098
4635,4235.82969268636
4636,3530.304060069896
4637,4523.945688158925
4638,4277.691576814186
4639,3810.826594327481
4640,4403.152598242902
4641,3715.852275135956
4642,3853.2944434204355
4643,4296.874146598619
4644,4032.0805839142713
4645,4018.1475596124988
4646,3963.8508355613494
4647,3757.5255599566467
4648,3856.8195539017133
4649,3915.2390087435197
4650,3944.7951187365024
4651,3707.002272837395
4652,3765.692957263201
4653,3661.664815622661
4654,4228.173822267559
4655,3795.4154068220487
4656,3727.4010920746196
4657,3843.2247875678204
4658,4060.6510945483988
4659,3801.184379972391
4660,3726.8478095714026
4661,3787.8901233289134
4662,3782.022906523523
4663,3828.8983005586133
4664,3958.323680319948
4665,3824.1993407630653
4666,4125.010116480256
4667,3738.715904280113
4668,3443.0218256586913
4669,3958.2429160597985
4670,4025.995132525065
4671,3549.4486322491566
4672,4232.213974613578
4673,4234.668274244716
4674,3806.549224863492
4675,4280.975063845255
4676,4085.984509950779
4677,4015.0315522028586
4678,3894.0948309593505
4679,3997.936457706317
4680,3797.865879739457
4681,3430.382657704082
4682,3722.3742951790364
4683,3939.3120957792516
4684,3775.5272489509575
4685,3539.6175918578756
4686,4486.685082984692
4687,3980.8620442381134
4688,3823.4213518708157
4689,4312.999695593124
4690,3906.052812876458
4691,4206.134134686997
4692,3857.6451884861317
4693,3929.746801807464
4694,4086.00438890094
4695,3990.9819456766486
4696,4041.881641567824
4697,3545.285013042786
4698,3976.4211560919543
4699,3787.609422247725
4700,3711.2289893807574
4701,4501.88093018714
4702,4089.3537617187662
4703,3561.5733444289754
4704,3848.051329325444
4705,3938.401462550183
4706,3943.396762903737
4707,4311.882537787214
4708,4206.334665088128
4709,4083.3959045700626
4710,3599.988358955877
4711,4051.1024494700096
4712,4174.767591334477
4713,3724.4342710054307
4714,4122.531130631159
4715,4391.177750766763
4716,4196.636952879205
4717,3984.3688010249007
4718,3564.6867716887155
4719,3736.8062194692466
4720,3959.7106842921116
4721,3789.942400875853
4722,4429.289324609898
4723,4140.868983220644
4724,4235.970724618444
4725,3818.3930443544623
4726,4365.4822723260795
4727,4541.045192956651
4728,4005.7427884489516
4729,4535.944413948765
4730,4175.742637162503
4731,3935.9194435951813
4732,3562.5840964900744
4733,4124.40724222911
4734,3714.798770485779
4735,4164.358618429492
4736,3807.8339066274793
4737,4076.8762397049063
4738,4472.1966815714195
4739,3916.331042739668
4740,3930.30456292846
4741,3824.0450528611336
4742,3875.336608235215
4743,3794.5373786662567
4744,4108.1044300457215
4745,3986.9903534905966
4746,4437.197896589656
4747,4136.705952573964
4748,3920.971394019748
4749,3882.5190906007083
4750,4423.025186228404
4751,3862.385622310932
4752,3990.5912551651395
4753,4271.862268017209
4754,4249.765388749852
4755,4363.998886371172
4756,3777.6027001627417
4757,3914.780520779055
4758,3579.157667662489
4759,4221.48716075859
4760,3899.9271340701484
4761,4011.2485124991254
4762,3924.7675163019376
4763,3988.9521558227775
4764,4010.3468962243587
4765,4289.70270922423
4766,4439.8831858319445
4767,4245.55097045201
4768,4084.0138288155163
4769,4103.20153735871
4770,4232.443598544548
4771,4277.0556908993685
4772,4178.79181601983
4773,4202.0171117880855
4774,3714.2368096053915
4775,4498.538006277422
4776,3874.7045100657992
4777,3871.3927397991893
4778,3871.0827041559396
4779,3900.398012148624
4780,4311.806081645146
4781,4134.173613083005
4782,4182.110565311414
4783,3996.834782644831
4784,4130.163704947269
4785,4056.5397981564424
4786,4037.1190921495177
4787,3971.5536819460613
4788,4060.351944402837
4789,3703.8227774421516
4790,4047.6490439714457
4791,3868.3738720882525
4792,4165.796984481986
4793,4040.97245159897
4794,3859.070349608268
4795,3863.769558886569
4796,3546.9607316364604
4797,4181.755363421328
4798,4161.68931593909
4799,4282.017106534818
4800,3879.276405606583
4801,3830.849342362209
4802,4036.7305260047833
4803,3934.8681414661796
4804,3537.476991590127
4805,3568.190668684366
4806,4560.589699345109
4807,3619.091606259837
4808,3699.727892983856
4809,3928.125217588209
4810,3988.288477157092
4811,4099.3794177322925
4812,3968.563558058786
4813,4045.708027001452
4814,3670.2247168007843
4815,3839.635280806824
4816,3400.672959059501
4817,4240.662582152657
4818,4050.2623422485876
4819,4325.457080164093
4820,4201.6809696079445
4821,3591.385143510637
4822,3916.6066235785147
4823,4134.627892329489
4824,4027.572432407045
4825,4226.101846162106
4826,4000.930342291352
4827,4455.8900120352
4828,3922.633602422935
4829,3927.9561508247866
4830,3601.516951922241
4831,3484.730804474659
4832,4462.57493999841
4833,4160.461774514812
4834,4070.13599099536
4835,3695.066043856785
4836,3795.450942068138
4837,4368.369026906821
4838,4135.06061531243
4839,4378.289093865884
4840,3965.7112896689127
4841,3646.730606167507
4842,4206.647187772131
4843,3588.7443775961174
4844,4236.2857065791595
4845,3859.267142479484
4846,3730.3978491785256
4847,3570.4924206781907
4848,4255.923325687175
4849,3915.8342733920817
4850,4013.1733778575385
4851,4266.483906267521
4852,4359.255897972292
4853,4307.596322586
4854,4133.765753298596
4855,3805.865113099765
4856,3877.4524147154953
4857,3685.2034800447136
4858,3854.4781497551667
4859,4145.531706805841
4860,4520.187166405619
4861,4193.990721892394
4862,3981.801183911911
4863,3990.3456289182996
4864,3907.763661392172
4865,4216.370453078754
4866,4201.249055062815
4867,3685.8544264585453
4868,4210.612311379714
4869,3987.1907902260473
4870,4149.03399140314
4871,3413.011989305405
4872,4256.348814328897
4873,3630.564641550408
4874,3681.5469472471027
4875,4053.401241508971
4876,4195.201045517527
4877,4210.744902781937
4878,4246.707480995303
4879,3977.030536540142
4880,3824.6250744620775
4881,4290.79907298637
4882,3746.197159005107
4883,3898.6243272786814
4884,4020.3297105306146
4885,4064.5965395925973
4886,3829.3651194841923
4887,3839.898876722135
4888,4225.601796524052
4889,3836.5401514640707
4890,4131.732232933605
4891,4186.463104928223
4892,3882.9518151898155
4893,4110.081376356564
4894,3702.769963764631
4895,3725.248790645978
4896,3981.6869782460853
4897,4673.066070589366
4898,3757.4623571006896
4899,4056.724533677278
4900,3509.989832256385
4901,4614.296922456874
4902,4156.529096354863
4903,4209.4508540191855
4904,4049.1302499052586
4905,4072.0778087678996
4906,4037.3246856886026
4907,4439.816679118754
4908,4287.177726603129
4909,4141.442633810895
4910,4260.119692108645
4911,3972.2481977098746
4912,3788.838802255542
4913,4364.064070542575
4914,3977.018409892472
4915,3629.248485105415
4916,4252.867558800845
4917,4250.3059225196885
4918,3610.2895520286106
4919,3934.1640935421165
4920,4208.472933004483
4921,4574.06154794541
4922,4150.0536739052
4923,3439.1161144337134
4924,3530.483224654861
4925,4124.948871699615
4926,4072.568227566735
4927,3437.1740264146656
4928,4190.28068275004
4929,3830.3833872725704
4930,3701.490786738152
4931,3949.65433353736
4932,4141.431061958296
4933,4172.795975616286
4934,3885.3113239455497
4935,3794.9303465588746
4936,3810.1284516190244
4937,4391.593661218449
4938,3732.7553731125736
4939,4151.537220738777
4940,4201.666042260556
4941,3933.0934395869826
4942,4414.482454430839
4943,4233.478308249116
4944,3992.395322399002
4945,3881.690217826226
4946,3491.9897327122844
4947,4115.262065451452
4948,3692.713051311106
4949,3914.4088463342505
4950,4028.7794368862
4951,4006.481005048281
4952,4181.598986357063
4953,4449.198983268896
4954,4087.2511472817305
4955,4257.760289693296
4956,4453.405894152359
4957,3948.569967222081
4958,3556.59908767931
4959,3493.045969122514
4960,4000.655718488396
4961,3445.967496485935
4962,3858.67586083247
4963,3716.3865357065106
4964,4170.265394069724
4965,4025.271456109299
4966,3774.069015410085
4967,4191.635022314533
4968,4533.5087570422465
4969,4150.409395264512
4970,3679.359070782357
4971,4238.447651381483
4972,4350.5349613688695
4973,4127.403921747427
4974,4360.847066959769
4975,4100.303927855912
4976,3973.227233650668
4977,4139.440387994831
4978,3897.380852627298
4979,4369.843717924408
4980,3889.718818358967
4981,4073.5062568657377
4982,4175.652070999633
4983,3993.51522265453
4984,3862.6824087504892
4985,3727.3825167453324
4986,4506.350888753745
4987,4151.065902868611
4988,4303.235358733456
4989,3831.8898500790965
4990,3707.60436328769
4991,4100.592331814154
4992,4106.56940742802
4993,3911.8874458784067
4994,3930.1840142135898
4995,3736.8411638975003
4996,3868.1666255136743
4997,4241.576220150964
4998,3645.793888381835
4999,3783.060970549598
5000,4127.150238912608
5001,4242.922142373433
5002,3907.6018487898687
5003,3439.5393078696984
5004,4371.982220834538
5005,3826.748994263651
5006,3789.656884995134
5007,4018.16422407711
5008,3849.2302289714717
5009,4240.0027745444095
5010,4074.8929903009484
5011,3768.779673882501
5012,4202.546924743436
5013,4002.5121121343345
5014,3842.008153682915
5015,3955.3051268429917
5016,4120.212556993929
5017,4170.461999934154
5018,3946.928192768941
5019,4023.236380523816
5020,4251.464671949703
5021,3904.224255794291
5022,3651.048242213661
5023,3572.5646365041266
5024,4179.87302024927
5025,4136.865211013136
5026,4122.166629255882
5027,4439.597228482606
5028,4160.606041097987
5029,4158.654038755112
5030,3766.7142553559825
5031,4434.406900504791
5032,3861.424619180464
5033,3699.8434426903323
5034,4328.26315968945
5035,3397.476389981147
5036,4507.7095497062655
5037,3843.741044000576
5038,4271.260989005466
5039,3957.9378815383507
5040,3781.0135868408047
5041,3682.03699968744
5042,3885.4744521035227
5043,3830.5959585787477
5044,3856.6253602627276
5045,3938.3856448632823
5046,3867.004972387167
5047,4036.7143754453664
5048,3569.017359977007
5049,3870.40643744324
5050,3871.072148433183
5051,3996.54440908642
5052,3809.237406722281
5053,4252.9735882425775
5054,3854.1780386374703
5055,3587.48868007518
5056,3682.568940569744
5057,3970.217373826315
5058,3950.1903364178543
5059,3697.6557432252757
5060,3945.1405313886507
5061,4078.543389934852
5062,4535.413419279073
5063,3876.6428285862253
5064,4035.429797219816
5065,4334.212169688785
5066,3898.6578336115376
5067,3913.567144378119
5068,4060.423683923711
5069,3509.94723211137
5070,3987.259054955339
5071,4282.37884955085
5072,4165.56485071522
5073,4119.50392683937
5074,4356.8219966339275
5075,3908.806011283403
5076,3883.4833586647273
5077,3871.973114543179
5078,4012.3960483668698
5079,3762.8844459562215
5080,3769.3634606457567
5081,4224.8397347609425
5082,3812.2668513080507
5083,4107.3304657579
5084,4123.699086601439
5085,4041.4125894406216
5086,4065.5604975536667
5087,4361.495437875673
5088,3876.7213514458513
5089,4342.141505538196
5090,3683.4298822557803
5091,3704.171979737059
5092,3997.3465665263584
5093,3800.155343824208
5094,3653.560606224821
5095,4000.821790512935
5096,4178.19915195134
5097,4241.9888145199475
5098,4143.946712489924
5099,4113.539795420414
5100,3457.2030716791346
5101,3850.556908816917
5102,3989.2432716200883
5103,3918.2091341779783
5104,4038.081861254718
5105,3890.562581742782
5106,4426.018868880923
5107,3837.9116842835588
5108,4028.755145564912
5109,4335.5090276519795
5110,3446.4573650438124
5111,4518.175919205259
5112,4170.558490218451
5113,3686.1526464222707
5114,3678.224796917425
5115,4160.254661435077
5116,4101.376357297265
5117,3861.248368446033
5118,4172.381306956553
5119,3929.8867630295044
5120,3519.8099633723473
5121,4183.204322686971
5122,3885.753748164855
5123,4045.814202052339
5124,4346.953411982284
5125,3606.5211837250827
5126,4344.373760153061
5127,4473.776142072084
5128,3667.5034511948243
5129,4132.5145334261415
5130,4066.545201496278
5131,4127.185346597931
5132,4127.625186537085
5133,3835.2106358708506
5134,3926.379075462219
5135,3856.733913257677
5136,3708.078734481898
5137,4036.4508112310077
5138,3459.138872395816
5139,3938.933190988442
5140,3633.216859767338
5141,3753.147478532668
5142,3952.7788003006926
5143,3941.4799969040387
5144,4270.87992993377
5145,4522.319161185459
5146,3998.6824983126107
5147,4588.168359258665
5148,4075.4879413707067
5149,3728.3123310637443
5150,3841.3504855168826
5151,4129.6859772479
5152,4027.896416676329
5153,4473.808229227718
5154,4370.07319719529
5155,3748.3374638329906
5156,3906.0415784902734
5157,3941.207230224515
5158,4057.007478438948
5159,3937.2753642131256
5160,4227.008649924407
5161,4333.546649681739
5162,3716.801891304286
5163,3865.679837471039
5164,4249.846366929901
5165,3784.7768273711654
5166,3757.773667755104
5167,4125.0669078887395
5168,4169.101673514103
5169,4010.1853039831203
5170,4154.744788000678
5171,3652.7912512823973
5172,4054.190770629517
5173,4343.242216128971
5174,3881.052312361387
5175,3697.358558497941
5176,3869.694531408764
5177,3811.290447706163
5178,4154.736381947297
5179,3897.6056007797815
5180,3702.8171230096973
5181,3583.573895794313
5182,3888.5149959971745
5183,4210.7878203688015
5184,4001.160308888879
5185,4105.659174221274
5186,3953.5169547562755
5187,3703.57166364879
5188,4399.587383164949
5189,3779.385076887894
5190,4425.598966291608
5191,4092.7756319952878
5192,3921.5751762144664
5193,3898.1394982730217
5194,4787.911655848901
5195,3554.908908262213
5196,4433.980594982471
5197,3818.8892700977017
5198,4158.343023601751
5199,4077.8727408130926
5200,4043.512447694544
5201,4358.205862565261
5202,3538.6664415451887
5203,4372.405565169175
5204,4639.386989583802
5205,3950.26551996283
5206,3931.511796275402
5207,3857.2587387973704
5208,3667.366384623402
5209,4190.019927755757
5210,4036.5248566410132
5211,4128.212332420377
5212,3746.457600732263
5213,3965.94206962762
5214,3998.9361841569194
5215,3843.5151678717416
5216,4255.502053809072
5217,4253.6721628216155
5218,3867.50402482366
5219,3991.5537568776335
5220,3964.122845054222
5221,4151.660726829211
5222,3762.2390241352377
5223,3850.7217904030645
5224,4045.806452518248
5225,3820.639753868748
5226,3787.5168264144286
5227,4184.656177492018
5228,4043.0630678903044
5229,4307.365184527594
5230,3821.1684012418273
5231,4299.76526514435
5232,3805.955127363256
5233,4386.527545148032
5234,3841.6842829686434
5235,4101.0147952971065
5236,4001.4589948618523
5237,3772.0578143760176
5238,3505.3321408418315
5239,4109.605747031882
5240,3735.1692254349236
5241,4079.1553880953843
5242,4013.3587304398948
5243,4241.40982912412
5244,4427.83331169195
5245,3822.680834655642
5246,3990.951705848142
5247,3916.6606646355713
5248,3975.1185926197413
5249,3730.6918939487778
5250,3963.4998654113588
5251,4264.586804780225
5252,3525.1196182027998
5253,3580.3307678189876
5254,4458.338868643128
5255,3581.3725149441425
5256,4167.162838793692
5257,3781.036966430071
5258,3781.7942635468808
5259,4359.895880400919
5260,3726.5262358515474
5261,3562.7302121148696
5262,4038.6374797092312
5263,4058.2011792620597
5264,3997.622258174414
5265,3792.489893555494
5266,3745.972014619745
5267,3888.948018860312
5268,3806.9103733506427
5269,3918.0800323773738
5270,3833.488935049101
5271,4312.66194276102
5272,3926.221974808946
5273,4439.350724651626
5274,4050.918396283012
5275,3647.343815515056
5276,4096.69032110999
5277,3661.964244367027
5278,3824.845916982136
5279,4319.999009064994
5280,3973.5430236533234
5281,4042.4471039696564
5282,3835.583163697927
5283,3604.385708638445
5284,3845.190230782334
5285,3933.0187747662417
5286,4187.72552265905
5287,3827.9305672641863
5288,4354.871796257249
5289,4563.721659453273
5290,3945.8897362199414
5291,3875.276881794812
5292,3874.264704856775
5293,3740.551336809389
5294,3640.0203128101566
5295,3879.0850554992385
5296,4123.16724451913
5297,3973.2642381810174
5298,3785.660348477076
5299,4375.680731185372
5300,3762.291704923543
5301,3659.367430513349
5302,4179.924728032042
5303,3569.988154032137
5304,4041.645819885881
5305,4266.38136615294
5306,4088.083059203777
5307,3845.692934002658
5308,4003.2436501642396
5309,4379.739287622244
5310,4052.2116948185526
5311,3931.352175032721
5312,3782.4965027031117
5313,4160.560112680963
5314,4609.129802566864
5315,4190.412256390877
5316,3642.694271060661
5317,3912.6663860246535
5318,3742.22765702913
5319,4181.491103302803
5320,4089.000378251301
5321,4242.205076796163
5322,4220.490957894835
5323,4062.994290037699
5324,4414.274319723821
5325,4169.043898615792
5326,3938.4335473961164
5327,4225.354159080759
5328,3939.239938242981
5329,4444.241090072457
5330,4052.962976440815
5331,4115.022124730044
5332,3988.1232642724217
5333,3816.624481061373
5334,4048.424596276433
5335,3878.843757857786
5336,4230.3645863855345
5337,4292.278531130182
5338,3970.438205737076
5339,4060.694134706482
5340,4195.931277478355
5341,3878.7459998499844
5342,3752.579468664645
5343,3892.857421189551
5344,3581.2987007510355
5345,3791.394604307499
5346,3924.1203896862658
5347,4158.626265458077
5348,4116.573827104068
5349,4274.295107891579
5350,3850.389303342494
5351,3954.129774148131
5352,3986.7439169297904
5353,4143.76463170699
5354,4219.441625109692
5355,3948.0984743940708
5356,3885.492031645571
5357,3953.845157539681
5358,3849.382417241753
5359,4094.4899617341016
5360,4192.3795523015515
5361,4267.266678284377
5362,3929.9979961012077
5363,4319.823776271963
5364,4056.286006652751
5365,3556.914412372233
5366,3762.0464060055006
5367,3799.9146408188117
5368,4219.243948044503
5369,3995.565516973582
5370,3952.3697141920975
5371,3854.9179709012787
5372,4053.573827903642
5373,3506.036134091671
5374,4038.627869414296
5375,4485.18696730304
5376,4160.713920613328
5377,3873.023333940565
5378,3782.316362867705
5379,4085.547968283531
5380,3987.1645336412876
5381,4201.188044588353
5382,3815.854682245752
5383,3519.8693994097694
5384,4167.161909504464
5385,3965.4604920824154
5386,4066.678499455701
5387,3524.539037922056
5388,4115.312511705607
5389,4247.968933279912
5390,3867.35847973014
5391,4212.448762000492
5392,4222.539905892259
5393,3976.4732964698314
5394,4283.648358246381
5395,4073.0751276845513
5396,3553.469981251656
5397,4245.228896930684
5398,3779.9622824805233
5399,3892.6528366382345
5400,4002.732092447572
5401,4332.2111805321865
5402,4115.40935791895
5403,4117.065443859383
5404,3762.0112204832235
5405,4146.319897201843
5406,4171.085797459902
5407,4203.001538084523
5408,3796.9593832204637
5409,4015.789029785772
5410,4253.93915788349
5411,3964.818026251775
5412,4065.8262779532306
5413,4586.924615685882
5414,4339.71631930106
5415,3888.1077589066126
5416,4335.487214519289
5417,4442.321145959893
5418,4129.326783736466
5419,3915.2668025083494
5420,3682.7292857163548
5421,4499.317748695982
5422,3810.853066249239
5423,4225.160632287966
5424,3623.0765367288745
5425,4042.1532370218324
5426,3572.2695577082914
5427,4169.622999682533
5428,4007.572339415424
5429,4269.204835334811
5430,4369.74389109667
5431,4256.037018925126
5432,4104.5365334087965
5433,3602.8772045959727
5434,4182.984440459713
5435,3788.989542539263
5436,3972.5189359265805
5437,4259.030825875595
5438,3991.0679187542883
5439,4233.921401276776
5440,3688.9764094922257
5441,3847.982154814641
5442,4303.519750127354
5443,4250.99321549631
5444,3977.569244887105
5445,3839.3678120803042
5446,4290.644742576047
5447,4252.40820565878
5448,3964.0339873024504
5449,4245.632151780245
5450,3637.959526273993
5451,4341.2899365383855
5452,3873.0245800732473
5453,4440.0652438571515
5454,3623.6045599764016
5455,3951.6719654061326
5456,4006.653162093472
5457,4247.510473103302
5458,4327.366684699664
5459,3916.1916232452577
5460,3566.598755744838
5461,3775.36122341318
5462,4342.909516074826
5463,4286.698768318105
5464,3901.673215495117
5465,3892.016450040609
5466,3766.6484476567143
5467,4280.186348179131
5468,3907.28470811822
5469,4094.8811015985666
5470,4030.6369694902723
5471,4351.699976095019
5472,4312.808777434634
5473,3855.8011676399547
5474,4238.295413463089
5475,4061.7761333112535
5476,3752.4354219152992
5477,3977.1102263943617
5478,4323.5650262653435
5479,3604.3473285022174
5480,3835.5140493465215
5481,4004.3220798681523
5482,3613.3042943399673
5483,4282.466758185134
5484,4404.8076965729
5485,4194.859314105375
5486,4080.499948487195
5487,3599.959164962304
5488,4497.094454910157
5489,4005.231676831476
5490,4287.637287895676
5491,4066.442549435589
5492,3829.0048668945337
5493,4079.578996324907
5494,4177.795430523581
5495,3898.337648835908
5496,4127.977704767312
5497,3851.1482226219205
5498,3805.266937972183
5499,3924.1326539884976
5500,4110.508070262961
5501,4073.3376981096653
5502,3759.8350798171036
5503,3733.0411345688444
5504,3477.2741626972015
5505,4190.695239131086
5506,3579.0285966693864
5507,4160.562880313292
5508,4024.0552089801317
5509,4139.220138382683
5510,3849.6197054923496
5511,3879.545864518751
5512,4103.7655669263595
5513,3644.244746339581
5514,3982.16558121572
5515,3836.4970930683517
5516,4093.356612846661
5517,3766.9579830456664
5518,4187.124338658838
5519,4013.968125092395
5520,3924.236595385246
5521,3987.11854195443
5522,4273.913001145232
5523,4347.447167385681
5524,4039.0364618707954
5525,4552.232344001572
5526,4146.16397724508
5527,3893.346330114248
5528,3502.751672508551
5529,4337.864668879534
5530,3991.894200541924
5531,4107.368597223616
5532,3574.249905481723
5533,3873.3705307726295
5534,4365.336256990408
5535,4170.123820923346
5536,4142.6734440612945
5537,3911.655156696035
5538,4287.598439122503
5539,4316.147606525738
5540,3944.933863875314
5541,3863.2902315179786
5542,3836.5973700038703
5543,4313.7366461266065
5544,4421.7858426762805
5545,3918.0541893070044
5546,3630.345868033386
5547,3853.1286641217316
5548,3655.277784539513
5549,3780.678924209931
5550,4016.852203002747
5551,3922.88001615939
5552,3739.423048739417
5553,4106.831070933196
5554,4103.119707959189
5555,4076.241396048915
5556,3753.5325667350417
5557,4134.969418257961
5558,3980.4726496638896
5559,4333.612355517687
5560,3727.196845656978
5561,3779.464628267502
5562,4066.4263205171974
5563,3800.4669764991786
5564,3863.542610038494
5565,4002.268314426108
5566,4086.6010402785573
5567,3912.954806777876
5568,3966.615575066503
5569,4068.2211227118473
5570,3912.57814455709
5571,4126.150486170777
5572,4331.547435161598
5573,3726.903619043829
5574,3932.163365183801
5575,3947.917724036173
5576,3783.4868033665834
5577,4119.093562167804
5578,3874.922101034815
5579,3460.0152955720077
5580,3696.0996160742925
5581,4202.110229529492
5582,3745.129115965173
5583,4243.679069754378
5584,4063.0100349241084
5585,4010.277579205304
5586,4464.612525855245
5587,3967.549506452356
5588,4429.486488832005
5589,3974.5068467406204
5590,4135.0724774992905
5591,4171.7200460563745
5592,3909.6193694001527
5593,3942.5307668068317
5594,3968.297211239714
5595,3986.550464669185
5596,3964.852119211453
5597,4275.376530480877
5598,4234.6524054053025
5599,4065.8235055866744
5600,4039.9700210795836
5601,4279.792267549003
5602,3656.4115888493634
5603,4001.5695510549044
5604,4431.644483579941
5605,3987.3453999956637
5606,3749.7040617437588
5607,3630.8415860115783
5608,4293.4407951271805
5609,3826.5240639283393
5610,4034.8587901020305
5611,4466.4115876301685
5612,4154.932244419533
5613,4224.327441216938
5614,4037.369018633289
5615,3591.6103432994164
5616,4475.293646609296
5617,4531.356405680612
5618,3809.8611764344723
5619,3613.8047211476824
5620,4119.023672000983
5621,4181.105868025693
5622,4100.83146596382
5623,4171.786524295538
5624,4198.448703547711
5625,3840.3018200887245
5626,4009.083784159473
5627,3721.126237344133
5628,3954.4684058758985
5629,4062.3037999854296
5630,3841.850197146261
5631,3946.8797637497087
5632,4118.9027955302945
5633,3612.73647314894
5634,3972.5446278844365
5635,4232.217620337011
5636,3903.9635269421515
5637,4090.1640503572785
5638,4184.836515229819
5639,3896.2449321074164
5640,4128.267025652924
5641,3683.025542225497
5642,4142.554445453701
5643,3853.53759711319
5644,4000.6486630898407
5645,3621.9226386792616
5646,4034.5104887318903
5647,3640.6252231408234
5648,3951.9864283969787
5649,3511.500627616988
5650,4123.040032460826
5651,3798.8089550917057
5652,4064.16451783385
5653,3819.542331775723
5654,4338.062515971558
5655,4420.175915917939
5656,4171.38870852798
5657,4633.1724075569855
5658,3864.180905452956
5659,3576.251670015579
5660,3638.0485767235054
5661,3530.921282360735
5662,3888.983816246364
5663,4208.524314124643
5664,4210.691496912862
5665,4160.90011112745
5666,4163.069088744924
5667,3699.8977342990747
5668,4322.366073604522
5669,4137.001664772951
5670,4193.7306354282355
5671,3672.2735063685295
5672,3937.8392009538657
5673,4430.342358514317
5674,4333.2574276490395
5675,4413.300488698307
5676,4434.521824356005
5677,4431.5848053911195
5678,4201.525922707154
5679,4269.1286696560455
5680,3877.177407442632
5681,4443.982270598921
5682,3506.335540538667
5683,3614.047957874436
5684,4047.9514809218826
5685,4137.262247348961
5686,3828.2854496990312
5687,4328.487406515775
5688,3892.1930898676032
5689,3896.9808614125704
5690,4370.636482352068
5691,3980.649385657839
5692,3810.4795389349574
5693,3801.373634257483
5694,3888.6717731960425
5695,4098.945794581887
5696,4155.587126745329
5697,3788.11300333345
5698,4695.873326063749
5699,4586.7132507354545
5700,3488.5627428716566
5701,3834.132430725027
5702,4042.2045125665522
5703,3842.5142962397385
5704,3916.2117531225203
5705,4256.528132113559
5706,4154.756514786155
5707,4207.218719690576
5708,3875.469167586507
5709,4490.62745264425
5710,4113.943648929284
5711,4226.424195300784
5712,4053.9501049511337
5713,4100.688005481055
5714,3683.7230721637548
5715,4381.195899367736
5716,3550.9576823401094
5717,4106.46214479046
5718,3706.3282378084145
5719,4118.3800329755595
5720,4698.821261467121
5721,4169.113541124559
5722,4042.5588834183714
5723,3763.674934274133
5724,3745.4207879704372
5725,3754.6849686023024
5726,3743.2635902781954
5727,3820.762154047264
5728,4348.153508168615
5729,4194.094910823991
5730,3959.6178110919773
5731,3936.295667482439
5732,4032.906112024406
5733,4023.2963138828236
5734,3972.5832445990873
5735,4221.817541825141
5736,4433.146898034092
5737,3774.488323390462
5738,3798.789259300115
5739,3968.45053199934
5740,3821.9832797271024
5741,4077.829812028459
5742,3638.9997747102084
5743,4209.8389169293705
5744,4028.9795791662173
5745,4514.54509060243
5746,3915.038071859098
5747,3478.4388708034094
5748,3909.121863073622
5749,3851.162857135192
5750,4428.840186801986
5751,3848.559394899071
5752,4030.827607643874
5753,4299.447879543626
5754,4159.194929083524
5755,4093.2580875111075
5756,3739.290644938534
5757,4028.1306900487125
5758,3693.024679067529
5759,4200.379836286616
5760,3868.6866532102417
5761,3825.411180146284
5762,3845.500818518696
5763,3859.5323036834334
5764,4429.632198955415
5765,3994.864793840174
5766,4031.7552750169225
5767,3698.589160962648
5768,4524.069295514708
5769,4164.565463006776
5770,4299.628316073494
5771,3799.2659233005857
5772,3715.2392682732407
5773,4340.957560248202
5774,4305.958165086822
5775,3946.7614526586394
5776,4057.2717810520016
5777,3917.727277075214
5778,3858.2791081524683
5779,4127.564977441887
5780,3730.8972695143607
5781,3550.566184140394
5782,4077.156176037814
5783,4125.186458301254
5784,3624.4519088198276
5785,3873.646943289933
5786,3786.6976686876587
5787,4192.877001143162
5788,4078.0084684955636
5789,4140.533890164028
5790,3526.9043696104964
5791,3946.9255897782286
5792,3949.229091742266
5793,4308.62529353168
5794,3789.7618362057633
5795,3844.210752998143
5796,3879.776576433553
5797,3869.894837367824
5798,3730.522816319868
5799,4269.585393162518
5800,4291.093155332308
5801,4030.452335546306
5802,3729.1430492486706
5803,4204.169763934233
5804,4240.55769389345
5805,3947.182795185182
5806,3732.761527094267
5807,3283.391617001216
5808,3611.045513144328
5809,4060.7422984884415
5810,4273.779483519111
5811,4287.559427876879
5812,3883.4064387382195
5813,3575.418217965961
5814,3300.335407275415
5815,4036.356054199199
5816,3841.7195984804507
5817,4251.844531888428
5818,4506.152385487545
5819,3782.0051534830436
5820,4424.806290354883
5821,3838.242258133039
5822,3920.078027799615
5823,3641.3677880363207
5824,3946.8855980760563
5825,4510.428460578338
5826,3676.0116966187475
5827,3884.344490683762
5828,3637.600662303677
5829,4145.906511751832
5830,4143.694796140769
5831,4043.3565500343357
5832,4208.685028774051
5833,4179.8027423406575
5834,3639.2174163433574
5835,4024.5517066115635
5836,4050.1447633956877
5837,4354.860768556841
5838,4590.92246287453
5839,3915.2667690545964
5840,3807.9747184256807
5841,3926.8005283390794
5842,3564.7267150802663
5843,3921.131692441255
5844,4267.159162272488
5845,3626.2992967255245
5846,4001.050959839385
5847,4497.855482642486
5848,3937.5818150246296
5849,3810.900658812863
5850,3902.776296607294
5851,4057.995744501357
5852,3720.397513052151
5853,3999.1292746618956
5854,4088.1921164165274
5855,3849.5863828111214
5856,4222.138041335338
5857,3984.9364264193505
5858,4172.555384827178
5859,3867.0624526078664
5860,3873.2785251881314
5861,3496.219834542995
5862,3933.059441237172
5863,4293.419846858722
5864,3986.30362735171
5865,3742.836795793116
5866,3876.1767168627157
5867,3815.720348544236
5868,3976.783734352302
5869,4056.375560991665
5870,4083.5848710415266
5871,3787.48604992732
5872,4430.64858033547
5873,3981.138574556757
5874,4107.989959574429
5875,3867.983867222033
5876,3743.4522790523242
5877,3697.9534526902776
5878,3643.1810960994258
5879,4254.7556499442035
5880,3911.767988192314
5881,4074.139021060268
5882,3865.8883396762303
5883,4350.101403878943
5884,3588.8046474784114
5885,3751.591721740475
5886,4149.842610453252
5887,3998.678400216518
5888,4033.103646147217
5889,3518.306465540356
5890,4148.952090474663
5891,4574.698260889298
5892,4090.223333591148
5893,4126.5669523565575
5894,4317.316966678161
5895,3851.6249161687597
5896,3552.598080144093
5897,3729.7111351600815
5898,4102.808461435938
5899,4088.513639922422
5900,3823.5213453023807
5901,3880.1650981206567
5902,3967.536999376835
5903,3765.808595067543
5904,3668.8983975686356
5905,4130.276885607329
5906,3913.2998877839646
5907,3999.109271221131
5908,4070.7790530918833
5909,3924.555329793221
5910,3871.7714284443036
5911,4095.5953963000547
5912,4109.625402240864
5913,3790.914067389035
5914,4044.3144042699523
5915,3759.1774648319406
5916,3894.1926698528832
5917,4615.752058186056
5918,3976.5887335311036
5919,4046.2977913096174
5920,4434.519503064515
5921,4068.208519594247
5922,4087.8636304933125
5923,4047.8377111565273
5924,3679.13392395791
5925,4353.218150133911
5926,3998.077722862631
5927,3948.0045784151466
5928,4325.692530811529
5929,4045.0859508590493
5930,4020.3235385700436
5931,3932.4611477513645
5932,3764.375050476009
5933,3791.34787172858
5934,3896.724829238658
5935,4197.784509576624
5936,4089.455249085103
5937,4295.576722858013
5938,3903.8672860412644
5939,4333.514250295198
5940,3670.790202640046
5941,4222.717253386728
5942,4097.257181562775
5943,3619.1225585739094
5944,3934.3058422618346
5945,3712.8314520000135
5946,3942.1580304103863
5947,3671.080464267973
5948,4402.040680898577
5949,4088.5626094271056
5950,3599.623852161095
5951,4136.019563851238
5952,4291.65679539697
5953,4133.274807278764
5954,4187.657575800162
5955,3512.748159773616
5956,4069.1237173678783
5957,4158.275908830115
5958,3920.3811703415513
5959,4149.068404702177
5960,3784.1890239998165
5961,4053.654585544863
5962,3858.428934690064
5963,4041.410319953822
5964,3848.587126252468
5965,3780.2134497416537
5966,4446.642478146694
5967,4058.951356137588
5968,4443.2992658796065
5969,4054.725776068826
5970,3620.4283534620345
5971,4041.633655762008
5972,4078.3329065769967
5973,3915.071741014834
5974,3780.5410402740654
5975,4138.773328681587
5976,3730.137946044939
5977,4126.475134842617
5978,3753.3923521937854
5979,4059.6413483898095
5980,3832.177620622869
5981,4201.635837161301
5982,3960.6845208135837
5983,3718.2181318556627
5984,4004.256746395615
5985,3965.284629026166
5986,3835.5633500972904
5987,4024.8614365643907
5988,3634.449892398431
5989,3726.8947873632483
5990,4440.708904145317
5991,4036.2189819533373
5992,3669.7999363275776
5993,4062.100810335942
5994,4402.966810467193
5995,3960.4563457838503
5996,3890.482207918696
5997,4155.865512762869
5998,4228.823028185587
5999,4049.653581674275
6000,3827.2994362559675
6001,4239.8345640433
6002,4371.3262419633875
6003,4163.517322117868
6004,3822.589025135706
6005,3850.7433668524736
6006,3933.2404977161486
6007,3520.0254860077594
6008,3637.2347562301798
6009,4346.97478538167
6010,4174.72500641686
6011,3918.323473783049
6012,4047.4103268653507
6013,3759.005266800147
6014,4042.467192847621
6015,4225.413004334614
6016,4029.7841678202103
6017,4014.471992684462
6018,3778.652102438858
6019,3756.4025178816814
6020,4134.685513684885
6021,4216.695828881752
6022,4315.740798947799
6023,4278.091676156655
6024,3960.496474519001
6025,3701.6798429390797
6026,3931.2359439621005
6027,3613.458690841303
6028,3767.6479354823377
6029,4311.673390430336
6030,3852.074859903578
6031,4186.234791041396
6032,4038.2187091411415
6033,3928.365750361957
6034,4519.301100926569
6035,4041.4336524395217
6036,4153.602535527785
6037,3920.1601016510485
6038,4002.5002648798118
6039,4063.331022196048
6040,3871.894627752893
6041,4208.355995173551
6042,4156.453028186902
6043,3759.147318594044
6044,3947.707816981223
6045,3898.3529623131544
6046,4086.332640080581
6047,4399.33865266373
6048,3510.9341025095923
6049,4451.8363720818525
6050,4254.74299107467
6051,4075.91158639094
6052,4193.494945502979
6053,4383.020270687806
6054,3455.8045783504117
6055,3888.6412689258755
6056,3923.781926787825
6057,3875.9787816978387
6058,4139.45483403737
6059,3656.4577614334153
6060,4076.619715348476
6061,4090.775374461742
6062,4423.887216440263
6063,3698.477708851029
6064,4329.201030495552
6065,3670.378557228416
6066,4230.456858028905
6067,3976.7907305914073
6068,4225.934458490734
6069,4471.388230113155
6070,4266.8435687466645
6071,4155.845250005241
6072,3850.8852049721554
6073,4460.483968232635
6074,3964.8830086766147
6075,3464.3191299107643
6076,3770.9102908896216
6077,4069.913331221919
6078,3991.630245934396
6079,4269.710981028338
6080,4074.117431305981
6081,3608.5622379834117
6082,3997.525268378781
6083,3879.716056338042
6084,4179.0099735115555
6085,3878.1730088433105
6086,4232.1200436784675
6087,4280.409114588841
6088,4095.0906834703937
6089,3989.8605991625095
6090,4210.189452643273
6091,3511.84896133543
6092,4412.6713503162755
6093,3970.157076487684
6094,3946.296616232266
6095,4219.304897930272
6096,4416.833634727117
6097,4008.808293389069
6098,3810.742944539284
6099,4217.614649860274
6100,4123.107967490553
6101,4000.6629974499947
6102,4275.55114213534
6103,4281.851163711997
6104,3927.4365548377505
6105,4321.602609612061
6106,4203.263367660441
6107,4054.1933043065446
6108,3830.078369881242
6109,3735.9142856714197
6110,3972.6019618676883
6111,3758.222452579446
6112,4357.847386918747
6113,3953.5230634048758
6114,4145.583040942056
6115,4107.217128102331
6116,4095.600790313324
6117,4189.118993216816
6118,4146.013579444541
6119,4334.700734615084
6120,3847.5847504086896
6121,3733.2097844794034
6122,4046.9546971774835
6123,3938.530547648049
6124,4268.705076774805
6125,4566.018570171913
6126,4190.156316824868
6127,3994.8537460031685
6128,3662.2788992967276
6129,4058.5393802241556
6130,4060.482374705055
6131,3962.722282651259
6132,3700.466814175388
6133,4234.432923976844
6134,4088.828934519839
6135,4079.934782892095
6136,3820.9382817197343
6137,3692.5670440557187
6138,3848.723063258497
6139,4097.008982995547
6140,4035.649129708944
6141,3595.057631300405
6142,3812.261648033701
6143,3979.3830878713857
6144,4100.135491811455
6145,3762.293477774378
6146,4153.218781167037
6147,3765.8768732202516
6148,4183.533801334156
6149,3798.7713354861053
6150,3779.441305049657
6151,3508.918326352262
6152,3977.3198708386153
6153,4094.2028831377684
6154,4325.878161226171
6155,4106.314099745471
6156,4462.583983309528
6157,3997.290420303648
6158,3857.4809780175897
6159,4046.642610912135
6160,4010.345481515462
6161,4220.3791985168045
6162,4136.630143523083
6163,4069.897683954404
6164,3554.2261501076937
6165,3742.4976394501673
6166,3885.630625681108
6167,4249.085419563027
6168,3920.8669349051343
6169,4111.358209326518
6170,3848.4921323009894
6171,4379.149663074305
6172,3797.797260428555
6173,3866.3234016368388
6174,4158.262814283267
6175,3748.0823829831998
6176,4249.585662470676
6177,4039.867737086359
6178,3819.999290003205
6179,4196.344013503496
6180,3859.2036402420417
6181,4567.072351202788
6182,4464.14079408998
6183,4306.359982650186
6184,3812.9312607679553
6185,4230.4982025910285
6186,4153.830847060863
6187,3859.7662806683134
6188,4004.117482338315
6189,3859.166088765379
6190,4259.997034261354
6191,4011.839726178492
6192,3883.9345262929664
6193,4042.525981298124
6194,3569.782984898313
6195,3826.006975706802
6196,4102.220542222442
6197,3864.719392593162
6198,3755.1785635976826
6199,4012.1408641052776
6200,4056.43537802682
6201,3764.226443349597
6202,4321.14614037774
6203,4096.492179239442
6204,4368.3747558689065
6205,3952.276571665777
6206,3645.037009595483
6207,3686.517034151033
6208,4152.147231675835
6209,4374.080322802503
6210,3764.5913451416145
6211,3976.3767994576997
6212,4002.7703831697145
6213,3672.418220043576
6214,4252.887637897598
6215,3875.4030810845316
6216,4213.102313321988
6217,3954.1104618711915
6218,3774.7500557200547
6219,4130.420053541375
6220,4213.842294922415
6221,3873.3846036649093
6222,3550.472111413912
6223,3635.8861138047846
6224,3905.585265933518
6225,4158.713196850304
6226,3839.51250502941
6227,3740.3592521201676
6228,4172.921802828979
6229,3705.480940065685
6230,4153.176727308845
6231,3830.6053811334755
6232,4095.2775335574343
6233,4495.304887371177
6234,3450.3271883094317
6235,4042.536002347494
6236,4126.333369335891
6237,3868.7763021171822
6238,3761.1629107635895
6239,3941.5806290249784
6240,3654.673374922574
6241,4016.6598041526945
6242,4193.897796485426
6243,3980.7066536652746
6244,4018.147581676174
6245,4110.247289044413
6246,3760.5802536178426
6247,3939.183266683226
6248,4183.912867217559
6249,4069.9310669639453
6250,3573.6274349154683
6251,3833.7009008320156
6252,4204.745757044142
6253,4161.750369332473
6254,4292.581530712513
6255,3762.816219255431
6256,3598.7636588674873
6257,4633.558137405712
6258,3978.1443581984204
6259,3762.2182895657675
6260,3852.840820265683
6261,4087.7489403632953
6262,4470.949086432943
6263,4273.818989509756
6264,4208.177202020326
6265,4047.870859626728
6266,4140.994543746342
6267,3737.1330025807943
6268,3378.4687703955806
6269,3831.1946739567056
6270,3831.8978577206917
6271,3600.5635982225886
6272,4372.1523378597285
6273,3981.147638869804
6274,4203.747146097131
6275,4016.0806846541673
6276,4427.431652097599
6277,3816.826886335588
6278,3899.67640187421
6279,3796.2770491655433
6280,3684.7081577134722
6281,3882.5354058765715
6282,4232.756435163687
6283,4225.375923384592
6284,4171.351826493401
6285,3606.25415225272
6286,3845.9448546174317
6287,4132.736116774467
6288,3713.3615985197903
6289,3905.231862717224
6290,3702.4615085026962
6291,3797.1772999223567
6292,3954.0442120418656
6293,3498.1785384603545
6294,3775.8777157773793
6295,4360.580190149374
6296,4375.984886922144
6297,3258.8338925483663
6298,3849.0289682928706
6299,3660.901179726553
6300,4407.929293834803
6301,4151.204164350925
6302,3832.2876700333727
6303,4081.2881939172667
6304,4098.122515068513
6305,4283.643753676701
6306,4175.525633909327
6307,3608.705365509305
6308,3740.2953773777463
6309,4072.030002689081
6310,4136.504229366254
6311,4120.071329012796
6312,4135.032912074709
6313,3541.2184326157867
6314,3987.349865832972
6315,3613.2936640343823
6316,4196.643452252992
6317,4132.632199873523
6318,4222.26599877633
6319,3841.2109639579226
6320,3418.3918019479934
6321,4278.703850273401
6322,4254.482473431926
6323,3770.7363913494864
6324,3850.708306733556
6325,4090.208673437136
6326,3504.5128643703856
6327,4370.147590614459
6328,3985.839837300944
6329,3758.7404093972473
6330,4224.594386411987
6331,3620.322881063753
6332,4008.841626507427
6333,4177.175450353714
6334,3786.265407157942
6335,3969.823227936655
6336,4125.89347065426
6337,4184.570398518154
6338,3562.1148290777637
6339,3955.319234394752
6340,3955.639296007553
6341,4016.29828013258
6342,3764.95666612511
6343,3781.228675037066
6344,4120.108752590826
6345,4208.8149465199895
6346,3982.811610323065
6347,3646.9733771569036
6348,4003.678699873357
6349,3561.067301896121
6350,4112.496158587252
6351,4086.164597518721
6352,4601.29550727614
6353,3885.047714676172
6354,3918.1232972260123
6355,3935.8810583261284
6356,4100.813073387281
6357,4161.394127870217
6358,4231.212761741457
6359,3998.2908536672467
6360,3879.511856154229
6361,4083.8431278430135
6362,4062.6002067153677
6363,4218.04689504946
6364,3584.7381416688495
6365,3950.797088015047
6366,3902.4901267272235
6367,4307.874524601842
6368,4196.401664348203
6369,4174.253312038912
6370,3542.9226143398255
6371,3815.2116114399337
6372,4378.367497947225
6373,3594.8175585382583
6374,4151.735583221038
6375,4544.871604708397
6376,4160.95029481422
6377,3820.2058506153503
6378,4228.701225088274
6379,4394.479988666642
6380,3865.274745724043
6381,3727.562534271669
6382,3520.7277066629517
6383,3366.8317345942173
6384,3920.0130910910884
6385,3980.975475558399
6386,4131.14246542582
6387,3860.101362375236
6388,3695.299367437947
6389,4385.871257050767
6390,4020.660696137177
6391,3963.1434123403324
6392,4071.028259220006
6393,4229.548134465708
6394,3694.7144743329736
6395,3792.4466887171066
6396,4035.0958707708223
6397,3901.7560666173686
6398,3897.485685929423
6399,3880.982015322221
6400,3788.2526247167443
6401,4180.022954027115
6402,4006.0896216385704
6403,4293.367545228961
6404,4028.3553090889172
6405,4201.634770771253
6406,3841.8638650849434
6407,4173.035867071175
6408,4079.7949849593206
6409,4369.1018696764595
6410,3811.283374044554
6411,3686.9762980609016
6412,3993.520381069905
6413,3756.3940707380025
6414,4159.284623361542
6415,3772.3777344276996
6416,4131.243022162022
6417,3959.8396990532597
6418,3687.8757697172005
6419,3645.112583378954
6420,3885.8137348808236
6421,4302.20678305228
6422,3989.2496544176847
6423,4134.075993495586
6424,4176.1928232336395
6425,3766.0706523598874
6426,4045.442339961781
6427,3894.2156015402034
6428,4402.65539606258
6429,3665.97654682892
6430,4113.0760992274645
6431,3557.525186646292
6432,3502.368149844558
6433,4231.03290913539
6434,3788.1448226927687
6435,3764.1359732203946
6436,4266.261855825644
6437,3900.822365605918
6438,4181.886280675436
6439,4073.3541738299164
6440,4100.406590261529
6441,4069.693454172754
6442,4024.1109753876162
6443,4307.264319990221
6444,4365.104669034597
6445,4322.018938628833
6446,3922.3647436844594
6447,3736.6810749822725
6448,4006.4313768162147
6449,4029.778826154189
6450,4525.379930610998
6451,3928.4123817739555
6452,4431.197772205103
6453,3680.3040564685716
6454,4200.5709055520565
6455,4151.334367226944
6456,3820.8876632761567
6457,3615.3311656853352
6458,3804.645564583619
6459,3802.0165742267545
6460,4342.919829031421
6461,4178.819164907518
6462,3931.4933341289957
6463,3898.7571292979164
6464,3942.2468937444164
6465,3782.7873315497263
6466,3627.40462213353
6467,3905.2894042391845
6468,3848.5571003579894
6469,3896.5442199022427
6470,3986.0251730022546
6471,4053.880471840531
6472,4112.24951847225
6473,4043.688092045163
6474,4072.5297761254105
6475,4011.080453546258
6476,4520.546968119619
6477,4333.671106145205
6478,3680.3066736039636
6479,3700.258806935335
6480,3719.2968227101055
6481,4112.095760712083
6482,4111.82965338963
6483,3809.926442184748
6484,3686.986490953978
6485,4236.411476540735
6486,4173.069533621556
6487,4252.552468634628
6488,4218.438220418986
6489,3875.7876220332364
6490,3988.8749614491226
6491,3828.7105441696012
6492,4176.237779254025
6493,4265.567423355005
6494,3589.489472214428
6495,3831.3611600378576
6496,3913.4363950052675
6497,4443.155010974599
6498,4035.8005118005703
6499,3840.46802927472
6500,3848.3237713573785
6501,3846.4375235881002
6502,4368.710161438788
6503,3836.050716764817
6504,3451.696244501994
6505,4134.562867564505
6506,4124.014394455482
6507,4346.995452920444
6508,4551.235627688737
6509,4315.323599061606
6510,3860.211465690438
6511,3822.0430787568384
6512,3916.164218320745
6513,4496.35847424021
6514,4083.7968998326087
6515,4183.848571321293
6516,4148.921196866791
6517,3984.554863693614
6518,4340.527215478012
6519,4111.2750547139685
6520,3539.6039746467873
6521,3661.095057284505
6522,3824.1464799773357
6523,3961.6174089636233
6524,4150.302163155624
6525,3903.296905943307
6526,4425.273109889767
6527,3964.619253134526
6528,4237.896352709047
6529,3993.0232307227056
6530,4083.1940834389816
6531,4134.458065412461
6532,4091.7345723896005
6533,4185.495622426808
6534,3749.08438530453
6535,4443.716098576975
6536,3703.1863701938128
6537,3903.442577924946
6538,3547.7242125276407
6539,4247.0927434592995
6540,3823.901723226953
6541,3965.1372445921497
6542,4283.652965717375
6543,4120.766440354448
6544,3731.828753732255
6545,4075.7510455559695
6546,3634.706866953403
6547,4286.719979628679
6548,3844.491456779462
6549,3830.686210439927
6550,4160.380199090016
6551,3686.2054808150124
6552,3881.880149631878
6553,3801.0332939388763
6554,4021.126963822031
6555,4124.087914797621
6556,3894.5752653847094
6557,4026.2627020719483
6558,4602.299931248504
6559,4292.987182073981
6560,3820.283151513132
6561,3990.6080415186348
6562,3907.7856108830797
6563,3936.625506971707
6564,4216.195114890241
6565,4602.909104636762
6566,4107.062966438205
6567,3797.7238858511864
6568,3562.517900112631
6569,3774.498042169206
6570,3733.9549827744127
6571,3808.281207853794
6572,3917.8478996269755
6573,3917.827432758181
6574,3798.12535171814
6575,4550.87229008668
6576,4295.472013352769
6577,3949.257088647971
6578,3844.896577648192
6579,3883.6039906838064
6580,3602.4222981414487
6581,4201.598055772129
6582,4130.2507495658065
6583,3799.70841343112
6584,4125.671208600152
6585,3980.7189978799147
6586,4619.807078644035
6587,4112.497969089496
6588,3966.700595345117
6589,3834.4662791939936
6590,4372.968183093886
6591,3985.422661336398
6592,4220.131807416103
6593,3730.5244010226197
6594,3543.994251197837
6595,3985.2148481527674
6596,4081.616434364701
6597,3528.3214676612292
6598,3880.027156624533
6599,4147.151093360788
6600,4139.64823504295
6601,4101.118627205912
6602,4027.2147244002417
6603,3560.7594965411745
6604,4013.0541882502357
6605,3707.682751358843
6606,4328.757116484382
6607,3683.6832604732936
6608,3956.495273895466
6609,3720.6947247636203
6610,4249.279549808898
6611,4168.92055583726
6612,4139.269413864389
6613,4310.3988408503665
6614,3764.7791621906013
6615,4281.78935833674
6616,4128.054711962139
6617,4047.15394825395
6618,4567.092189354464
6619,3589.0951821638546
6620,3827.8320536920937
6621,3380.247513282435
6622,4005.381508393034
6623,4411.363818908741
6624,3971.9318165914315
6625,4126.882609996347
6626,4275.601685664368
6627,4282.517637342522
6628,4078.7188892817057
6629,4187.108192306381
6630,4412.58598089877
6631,4335.346963408232
6632,3903.1037045213984
6633,3952.540185259517
6634,4564.777184327313
6635,3928.390224399609
6636,4091.0714235652304
6637,3491.9217082493687
6638,4292.977237600973
6639,3833.8250799262123
6640,4364.960868818484
6641,3853.722515658204
6642,4103.210843121469
6643,4062.504601521652
6644,3841.133008515012
6645,3934.147859122335
6646,3737.247062987889
6647,4100.826071123567
6648,3453.9468270971224
6649,4316.962320637345
6650,3927.8991858276695
6651,3854.1332422094274
6652,4365.4121825333095
6653,3977.6490440861526
6654,4453.9625195779845
6655,4001.354642149787
6656,3860.7893583560244
6657,4099.310218350558
6658,4306.139818712086
6659,3626.2137098380763
6660,4237.613520080913
6661,4106.7274243516
6662,3692.645314670439
6663,3837.8254445955754
6664,3755.5783165382654
6665,4290.494967681401
6666,4196.842439391652
6667,4094.7621261280383
6668,4028.304293388319
6669,3817.396700278725
6670,3729.6862236684187
6671,4028.09328344382
6672,3710.5439801717257
6673,4262.726716981546
6674,3997.6466731080454
6675,3863.9834386002694
6676,3977.5747392606127
6677,3921.167594963904
6678,4089.710193820807
6679,3572.289474101439
6680,4056.7376420798796
6681,3602.4166951359175
6682,4003.5989601767874
6683,4374.416987411104
6684,4302.118086837763
6685,3752.972623503155
6686,3896.1735540272866
6687,4145.886447199742
6688,4012.9112007797644
6689,3947.880056696894
6690,4281.106407071974
6691,3965.1099664953877
6692,4148.595235415167
6693,3671.3184824294635
6694,4502.811371986143
6695,3870.288912420212
6696,4415.8239331924615
6697,3651.6557172778266
6698,3953.625759691403
6699,4090.620505418448
6700,3717.1820921358526
6701,4283.900090214804
6702,3988.143267474994
6703,4270.99912045517
6704,3710.771490550968
6705,4165.812182887531
6706,4414.053206136793
6707,3835.663371932318
6708,4056.9620756368167
6709,3835.0440286861017
6710,4368.653501905285
6711,3530.9551590022056
6712,4116.019521948156
6713,3779.921462588368
6714,4008.589575846845
6715,3884.0947967570755
6716,3520.36102775358
6717,3784.1400089987883
6718,4116.963883516097
6719,3698.27651192328
6720,4147.767399649989
6721,4343.540430753523
6722,3757.095730530625
6723,3645.3669093137346
6724,3969.6824606835335
6725,3909.9046939235272
6726,4110.864466929514
6727,3731.34604786252
6728,3969.787570059214
6729,4026.865996866855
6730,3770.4818672882407
6731,3827.0289136091733
6732,3722.003872804238
6733,3928.810212633385
6734,4238.110415773681
6735,4309.208289521321
6736,3931.540842126531
6737,3702.149910537387
6738,4171.260682920332
6739,4137.576692721278
6740,3952.5271987869382
6741,3859.7788144549804
6742,4097.2861548375495
6743,3647.300622222877
6744,4055.2383399838395
6745,3783.765325656404
6746,3958.167344177597
6747,4102.505822045251
6748,3608.2708849144633
6749,3630.275789339375
6750,3678.5972633304955
6751,4232.588817702335
6752,4292.5726538856525
6753,4351.713884818976
6754,3756.5099539211924
6755,4499.144369335898
6756,4047.801447451595
6757,4192.74847570846
6758,4083.235591704157
6759,3963.2032641114133
6760,3899.2887195647377
6761,3849.5234515274815
6762,3999.9220775666004
6763,3970.0142178163997
6764,3761.3661711282975
6765,3560.200519656395
6766,3981.5419076557428
6767,4044.1412777115597
6768,4098.74913145784
6769,4243.11025984857
6770,3764.1184331561544
6771,4254.384470215782
6772,4349.576290110084
6773,3823.26723869415
6774,3804.7189679149524
6775,4110.7583420060655
6776,3939.332604699465
6777,4131.957795936266
6778,3973.620926430987
6779,4314.552849438149
6780,4231.9488127520335
6781,3701.93016718355
6782,4221.686693885249
6783,4176.146563128039
6784,4011.343427616109
6785,3986.3001440674525
6786,4227.021442890784
6787,3628.5861409183212
6788,3784.4475517505007
6789,3777.963474546894
6790,4323.694523577995
6791,3767.2500434672866
6792,4005.077658899555
6793,3775.1895077297972
6794,4023.601674364274
6795,3919.635837987302
6796,4205.442233372135
6797,4036.2355407478785
6798,4492.220587426113
6799,3971.3810761397835
6800,3824.90697624899
6801,3819.5515741075624
6802,4302.838489742662
6803,3752.8632856830686
6804,3872.1331866324635
6805,4180.777465974701
6806,3773.1884430370656
6807,4015.667058236945
6808,3897.91888759754
6809,4302.55501395309
6810,3830.9749845638603
6811,3726.6824276542393
6812,4167.3286154642365
6813,3856.7347611340347
6814,4068.0711659117096
6815,4300.2678623962
6816,4088.2490007963747
6817,4132.913542219652
6818,4011.821543831081
6819,4221.178075658324
6820,4293.3428589690575
6821,4087.5100891696416
6822,3971.577126548634
6823,3695.771850182847
6824,4316.406546653898
6825,4099.634780737132
6826,4189.104366742968
6827,3706.9021249544867
6828,4228.748637886476
6829,3897.4608643799456
6830,3970.4014843661744
6831,4076.4398995943084
6832,4206.759088967714
6833,4369.845422465225
6834,3950.2219079742326
6835,3752.7465012061366
6836,4077.1879476600743
6837,4222.344786667262
6838,4373.648592944862
6839,3985.3867013739296
6840,4394.141577385216
6841,4471.899127844759
6842,4406.782841380744
6843,3839.744648425736
6844,4340.86826802719
6845,3916.7296098368333
6846,4313.403311831186
6847,3755.7194201829925
6848,3835.9686006578636
6849,3996.668191865576
6850,4231.745752408051
6851,4313.936964724369
6852,4080.620483399367
6853,4552.973787502949
6854,4262.875122299693
6855,4221.313743380809
6856,4126.7567362876525
6857,3947.062493665063
6858,4309.7854492357355
6859,3854.089031011712
6860,4144.279338001
6861,4055.5536344686884
6862,4366.725654627756
6863,3696.272179291275
6864,4023.940422746823
6865,3967.973400114005
6866,4201.00257840927
6867,4007.511584235699
6868,4121.260715814946
6869,3764.883825658495
6870,4377.582241853304
6871,4261.3874189865455
6872,4116.942369545621
6873,3786.65584918814
6874,4348.263536392211
6875,3834.185640306733
6876,3916.325534446622
6877,3920.1482661347063
6878,3944.0574565166244
6879,4415.312345975768
6880,3889.955897585743
6881,4073.4379072315614
6882,4151.376955259566
6883,3926.352923433058
6884,3791.4783995359912
6885,4172.591918586649
6886,3850.946163737046
6887,4435.011374926997
6888,3969.300875453232
6889,3764.1816599765466
6890,3863.978692094648
6891,4223.635028541245
6892,4172.1682596232795
6893,4230.936732382382
6894,3921.3513501197694
6895,3756.4261889251784
6896,4482.0425019119075
6897,4208.392066529701
6898,4041.823472253437
6899,3907.8384766519766
6900,4105.229848983055
6901,4030.9714048882443
6902,3842.6439561564057
6903,4131.353980867013
6904,4115.371855347592
6905,4081.5031518822843
6906,3693.806034641119
6907,3603.2195587279707
6908,3805.3937035627982
6909,3748.749246228116
6910,4240.511993616204
6911,4461.812772974944
6912,4384.031900431987
6913,4216.185110042139
6914,3686.870135416195
6915,4239.359744838839
6916,4253.407974237261
6917,4002.7437048121
6918,4039.4323352655465
6919,4318.58187346093
6920,3922.809592249578
6921,4119.213988860439
6922,3925.846651443522
6923,3812.9925874763903
6924,4254.222466433819
6925,4354.512387345989
6926,4155.488768592888
6927,3993.3163735784883
6928,3856.0844287149066
6929,4221.3688211414365
6930,4062.886154084489
6931,4670.455689627397
6932,3851.997808724489
6933,3757.325726091929
6934,3745.8289306944102
6935,4349.4930737509785
6936,4030.7247839015336
6937,3891.3322235981977
6938,4044.5119027992023
6939,3411.748243335693
6940,3971.446472944438
6941,4112.471772456729
6942,4321.906337385034
6943,3995.5313772707727
6944,4176.84175679889
6945,4428.488575227686
6946,3674.384760748428
6947,4163.975516650791
6948,4442.228154451449
6949,3694.0575634413126
6950,4264.251757513127
6951,3341.5941994151476
6952,4226.113006147706
6953,3586.582387828319
6954,4108.463265645894
6955,3890.9932827333223
6956,4247.315384057834
6957,4057.6392740552365
6958,3941.996208879312
6959,3859.824518008617
6960,3860.751886006402
6961,4172.023407420453
6962,4438.201106919396
6963,3658.711568574804
6964,4420.151088220737
6965,4356.54776374776
6966,4110.633755509238
6967,4223.208590551942
6968,3954.2161522637034
6969,3823.5611628028687
6970,3828.8598654872853
6971,3685.295076541131
6972,4038.3780373929244
6973,4030.9222053598733
6974,3782.5802249460385
6975,3824.8917515784187
6976,4271.332991939157
6977,3743.979839572844
6978,3967.125831008996
6979,4258.594342243385
6980,3660.1399413120203
6981,4502.008941433332
6982,3952.2077547853387
6983,4086.5082595321674
6984,4231.996168499912
6985,3777.0685541593557
6986,3698.5191051610536
6987,4238.09503175404
6988,3880.7237453675502
6989,3690.962299394654
6990,3953.788997306774
6991,3437.1109827107553
6992,4025.5674297455444
6993,4288.9249184588025
6994,4261.623233284994
6995,4317.392563696523
6996,4157.307460075719
6997,4039.767377696282
6998,4158.906341590027
6999,4022.1911458754257
7000,3930.806864181789
7001,4307.951722463942
7002,3950.7505849718573
7003,3882.7942420740583
7004,4450.03668137331
7005,3965.735105368777
7006,4164.136101042618
7007,4077.712634597091
7008,4166.246712549439
7009,3738.786891919107
7010,3675.968496645027
7011,4464.513599082054
7012,3957.0363097822055
7013,3971.131777334843
7014,3922.627733282564
7015,4258.859955909495
7016,3845.567932913341
7017,4118.62706314172
7018,3845.9392548364626
7019,4047.6361678603726
7020,3981.0199763209635
7021,3969.5292336911516
7022,4629.130175106102
7023,3631.5653516691045
7024,3768.6558193955066
7025,3860.5457376359873
7026,3363.59840520836
7027,3867.671173565991
7028,3480.3006234228505
7029,4264.672822626616
7030,3667.806940231934
7031,4394.9243386430735
7032,3858.968229414994
7033,3699.987469292017
7034,3845.0831139896477
7035,4008.16468076592
7036,3838.221081187873
7037,3894.0777980774456
7038,4051.1187708334974
7039,4578.229724370794
7040,4391.9094212529535
7041,4185.177129119111
7042,3997.3809755183233
7043,3756.6874464934413
7044,3831.223904943152
7045,3837.4919932036623
7046,4292.7596418371595
7047,3650.6882265079917
7048,4476.1152810028725
7049,4048.367266410457
7050,3853.285676522806
7051,4211.6580278333495
7052,4316.9343876772355
7053,4212.043278248535
7054,3918.759873933079
7055,4010.069919468977
7056,3902.8749874299187
7057,4081.8629321480917
7058,4038.146113537272
7059,4020.453484512236
7060,3720.6773309164682
7061,3869.885671219264
7062,4160.093459586526
7063,4330.376588447263
7064,4443.9496039095875
7065,3918.5927732154714
7066,3810.498908352258
7067,3635.542748843148
7068,3773.5396189392204
7069,4289.379350818733
7070,3601.168153895057
7071,3525.829824425452
7072,4034.638666519433
7073,4401.782333380211
7074,3727.813653756593
7075,4156.661704559159
7076,3968.95821066063
7077,3672.8915177180224
7078,4055.317441848706
7079,3802.8148113893076
7080,3754.181452261775
7081,4216.095319824892
7082,4097.734076663145
7083,4024.4057364798427
7084,4367.150548988513
7085,3639.8619792043323
7086,3898.488209747302
7087,4347.606173241628
7088,3679.8231885801706
7089,4350.099049062731
7090,3933.748881434476
7091,4340.330624189024
7092,4495.465962787479
7093,3989.16411708583
7094,4222.924447811509
7095,3888.2492146749255
7096,3916.131682877198
7097,4163.752777458969
7098,4064.8679640285
7099,4323.882014731242
7100,4257.405567394961
7101,4400.995190980472
7102,4000.758685591663
7103,4078.985934334777
7104,4071.8575571160018
7105,3899.666290852966
7106,4084.2667535406367
7107,3852.821046614292
7108,4049.809484794887
7109,4215.142824843166
7110,3943.0757372172734
7111,4418.315164935762
7112,4124.72163936799
7113,4172.095631635095
7114,4119.536320356725
7115,4046.489249130441
7116,4051.9650978517548
7117,4059.0762433044383
7118,3629.624088246771
7119,3948.7570950369745
7120,4053.240368871053
7121,4119.241686647311
7122,4304.30556721445
7123,4276.538005111161
7124,3920.985311639579
7125,3803.7239271459944
7126,3704.0574269053445
7127,3605.9860873161833
7128,3908.7117613001737
7129,3937.463266611111
7130,4236.268151518542
7131,3928.4804663421746
7132,3797.4547123464254
7133,3967.7723323587948
7134,4274.278759537821
7135,3831.380254135044
7136,3860.3585039949585
7137,3852.98431518618
7138,4450.044947084088
7139,3796.240427382051
7140,4289.802573227574
7141,3966.1752074582582
7142,3574.5000712860356
7143,3991.853698185033
7144,4297.77669417002
7145,3506.750018219096
7146,3814.197103721806
7147,4220.802246095562
7148,3947.1339007171996
7149,3849.8716780776317
7150,3920.520209247467
7151,4339.149704525547
7152,3867.337176518974
7153,3941.405197797316
7154,3964.360816724248
7155,4228.690434399734
7156,3664.4236031114333
7157,4120.586469315982
7158,3934.063238759725
7159,3549.6198118803873
7160,3892.6330188454713
7161,4135.915296422125
7162,4081.3488891095676
7163,3667.4993622535294
7164,4049.002401789252
7165,4284.752220079101
7166,3908.757521946536
7167,3874.8626754212464
7168,4115.680736290149
7169,4235.580660069308
7170,4351.130843463051
7171,4460.80466439656
7172,4452.159110949674
7173,3768.5818008014144
7174,4514.885649821963
7175,4312.788357400201
7176,3584.148305960053
7177,3711.390990415728
7178,4459.653568834551
7179,3683.3207679152883
7180,4263.789683042051
7181,3767.848270725846
7182,3589.699448106297
7183,4231.415401559466
7184,4239.958822687726
7185,3928.588308750992
7186,4073.158977530304
7187,3991.1056524940795
7188,3962.5283082678206
7189,4474.373223533447
7190,3799.3532216244475
7191,3840.440878130682
7192,3807.8149524202768
7193,4059.6105965755446
7194,4117.924057010409
7195,3940.2254352431237
7196,3571.5694925507314
7197,3792.200152708795
7198,4077.9886082163375
7199,4400.96128009138
7200,4108.463961137831
7201,4230.45447052419
7202,3785.506320189731
7203,3632.27040438896
7204,3389.6708764764944
7205,4196.391660335725
7206,4301.039039239267
7207,3820.8092586573257
7208,4041.474464795048
7209,3739.4485744096983
7210,4015.8859341592706
7211,4018.9877828644653
7212,3842.3173107050297
7213,3808.3054335154984
7214,3861.0138357137967
7215,3860.129347782009
7216,4034.1422081293795
7217,3557.8619668629467
7218,4279.297075360976
7219,4627.963599174063
7220,4252.293909197243
7221,4070.6639568806286
7222,4049.839844622763
7223,3692.4363593552002
7224,4250.511607233364
7225,3583.1801688181445
7226,3570.8913054974823
7227,4199.377249489953
7228,3631.909471244814
7229,4276.611167226238
7230,4047.845019259595
7231,3965.0863404499896
7232,3465.8049105379205
7233,3778.850509150817
7234,4164.6304874695625
7235,4216.115252029246
7236,4228.345952039238
7237,3904.141254932108
7238,4072.14782159889
7239,4040.380509411875
7240,3889.9800412554537
7241,4361.255788447346
7242,3975.260129484148
7243,3524.53907762828
7244,4023.6290859490337
7245,3773.0994128071934
7246,3568.398693443376
7247,4156.172331116817
7248,3963.121108006556
7249,3552.8346000435954
7250,3879.712906099415
7251,3723.937319070352
7252,3639.097925961524
7253,4038.5178397605564
7254,3937.033400391546
7255,3714.518995229975
7256,3799.580830860995
7257,4427.851495885623
7258,4386.415383887376
7259,3901.65859713552
7260,4291.089790427681
7261,4223.254915456583
7262,4416.678854914493
7263,3622.7350292226083
7264,4053.12417048575
7265,3473.115053969097
7266,3863.998369300244
7267,4269.401512596709
7268,3773.0466539631243
7269,4353.707883651155
7270,4463.106219261443
7271,4482.4844423750665
7272,4332.38276330259
7273,3922.1100994320122
7274,3875.837332226881
7275,3821.92375385331
7276,4053.319594090175
7277,4186.717237179211
7278,3868.196859531916
7279,4643.282978936136
7280,3657.4207420526454
7281,3782.929762488744
7282,3944.1895074907943
7283,3629.103990759253
7284,4385.1460319299385
7285,3486.325120152591
7286,3682.2173174361014
7287,4221.527673279884
7288,3804.472599259396
7289,4300.386026529789
7290,4438.4605722652095
7291,3694.117877946438
7292,3709.4723208312644
7293,4450.748737868778
7294,4072.7760857908897
7295,4594.861829481663
7296,4056.3303577780725
7297,4089.0236886605308
7298,3685.887563138843
7299,4179.787284338967
7300,3959.5003173769373
7301,3785.4574608015764
7302,4233.083278185066
7303,4624.395885884813
7304,3872.8143196117408
7305,3823.89072835961
7306,4003.5230983083106
7307,3831.5825385156163
7308,3971.3895993726273
7309,3821.0535464109525
7310,4334.1575741912975
7311,4492.42092043855
7312,3924.943783136125
7313,3983.464197606817
7314,3826.959412753905
7315,3564.582740264737
7316,4003.8456969971494
7317,4246.287471635075
7318,4054.664432442797
7319,4010.2584626459366
7320,3997.287510233068
7321,3952.0721777498034
7322,3967.8020431802925
7323,3906.3558102413544
7324,3761.577393332295
7325,4249.678900902557
7326,3592.1492520108645
7327,4180.418368432202
7328,4035.5774830439022
7329,4229.625739560003
7330,3820.7174049571304
7331,4047.0344422444123
7332,3615.789840982053
7333,4409.889575895407
7334,4194.978905815588
7335,4313.075746809653
7336,4005.801239401596
7337,4222.219853858909
7338,3548.5969209153436
7339,3986.93369216107
7340,3820.4118860359076
7341,4136.997299947888
7342,3598.9853290986284
7343,4178.311804055132
7344,3598.934702262325
7345,4004.3512401571506
7346,3703.7270010100056
7347,3754.911572905934
7348,4090.4953214189345
7349,3589.708723411179
7350,3757.8158729532515
7351,4058.4561022454873
7352,4230.134187128497
7353,3679.604103788861
7354,3906.587315492506
7355,4297.635892327845
7356,3989.76887709251
7357,3676.908999203292
7358,3942.0868926683615
7359,3956.323934938837
7360,3808.2822124818003
7361,4065.333863790447
7362,4136.836733394304
7363,3644.3904169252955
7364,4053.376519772527
7365,3927.996436775281
7366,4213.657375732122
7367,3649.7769615404404
7368,3852.7902581532244
7369,4635.083929166565
7370,3833.2296840092054
7371,3731.2236917091113
7372,3586.143592521096
7373,3677.9851517955326
7374,4082.7588197920113
7375,4263.486288021433
7376,4715.841829483921
7377,3771.1314086536345
7378,4323.95304870294
7379,4233.721210658876
7380,3868.7291515871193
7381,3772.509603583983
7382,3789.3466837470714
7383,3945.278669441219
7384,3679.703903391469
7385,3780.1799718243183
7386,4368.343382442399
7387,3713.8787329520655
7388,3998.863849629739
7389,4289.958513570597
7390,4258.665980642796
7391,3896.927322032892
7392,4208.873996911884
7393,3988.097854420556
7394,4019.2370156145535
7395,4058.886536811275
7396,3869.782607466954
7397,4123.5553265946655
7398,4214.012686422554
7399,3640.753102035156
7400,4301.151385324053
7401,3985.886019533391
7402,3875.6490121075685
7403,3810.1058585364244
7404,3900.4212196676076
7405,3713.7134631111894
7406,3634.7226620449774
7407,4207.85803960177
7408,3743.5931312795715
7409,4008.224952861275
7410,3910.297173548248
7411,4024.4210922961975
7412,4392.642020814186
7413,3720.8896850322863
7414,3720.934580214126
7415,4131.634486355574
7416,3943.306203098395
7417,3673.7781423951374
7418,3681.1007790633735
7419,4155.266240489176
7420,4100.265420861413
7421,4476.549035189641
7422,3873.5224294873224
7423,3505.7143951995295
7424,3584.674134470632
7425,4285.413218108331
7426,4034.773781824658
7427,3577.08285272341
7428,4142.8312782741
7429,4208.198637721332
7430,4284.110252684041
7431,4318.40752336479
7432,3888.466781860796
7433,4119.055654392544
7434,4550.050509923861
7435,4339.7753162374765
7436,3833.1263315439887
7437,3454.760265893614
7438,3777.537846960266
7439,4020.389840346751
7440,3980.707591520805
7441,4078.215838987722
7442,4412.035604902494
7443,4563.248799605546
7444,3819.737625642092
7445,4194.983770991561
7446,4446.5652189710245
7447,4113.771188816061
7448,4152.2423174608175
7449,4002.4141658016792
7450,4531.284748033211
7451,4126.976263175418
7452,4214.812030288507
7453,3837.143090286718
7454,3878.745131811541
7455,4047.101137559217
7456,3699.5938264322085
7457,3519.8489563416933
7458,3787.059117655224
7459,3566.164400279339
7460,3902.6132244207924
7461,4023.3853967341943
7462,4289.413504935803
7463,4728.4149729570345
7464,3573.4508165335687
7465,4250.004763302318
7466,3721.5417687101863
7467,3471.888995884294
7468,3885.5460459886517
7469,4154.712951891141
7470,4224.88673254265
7471,4027.447592909985
7472,4482.8757401380235
7473,4125.435718822712
7474,3564.1012655343184
7475,4175.636138016179
7476,4100.400986836455
7477,3572.3801654556796
7478,3634.8364749427265
7479,3636.749514252087
7480,3775.571566130986
7481,3774.4793267654313
7482,3371.339102976568
7483,4119.7154611195665
7484,3871.2723574031384
7485,3570.089324444745
7486,4146.1522328247
7487,4294.299150184631
7488,4091.624045630534
7489,4006.1701159682207
7490,4225.655037569817
7491,3594.249037923041
7492,4206.742806256332
7493,3631.3256447586464
7494,3897.2239669193855
7495,4073.439561302691
7496,3837.3866992915973
7497,3331.453593871375
7498,4113.711706562954
7499,4623.161177587669
7500,4401.380891388057
7501,4034.7742539248875
7502,3751.262177112956
7503,3978.6650733906845
7504,3905.66163691799
7505,4138.148159000391
7506,3683.8510229457065
7507,3881.865997798328
7508,3544.145626016394
7509,3759.4605531239245
7510,4107.438715994544
7511,4284.54667339086
7512,4066.4369277936676
7513,3885.802231044073
7514,3763.998542484926
7515,4069.885651973514
7516,3789.983904166819
7517,4056.730694431622
7518,4270.094943870507
7519,3909.7008612501777
7520,4456.3608978844195
7521,4246.293565277846
7522,4535.486203596055
7523,3827.6430589370543
7524,4044.399131643336
7525,3725.4815697188305
7526,3826.285170021867
7527,3689.185845001289
7528,3783.790303626915
7529,4120.5357839974495
7530,4039.633792859827
7531,3992.2337376699766
7532,3974.5426534155827
7533,3792.7459125216155
7534,3839.425382799089
7535,4515.710150981044
7536,4103.071059763178
7537,4099.678908559229
7538,3846.2995879773907
7539,3697.8679004050973
7540,4284.089735246162
7541,4220.320590643115
7542,4491.580459912282
7543,4138.359116335503
7544,4250.2764344785455
7545,3664.7554284776215
7546,3785.5056048011984
7547,3990.47533926547
7548,4413.371256175097
7549,3883.045379694041
7550,4217.058106453978
7551,3679.2642735013123
7552,3540.568480439279
7553,3663.9567370633777
7554,3677.69996590724
7555,4015.412764328767
7556,4219.293049753083
7557,4445.355686870029
7558,4138.028534219826
7559,3963.912839673027
7560,4029.099930616892
7561,3921.893029337961
7562,4018.9168903703085
7563,3978.8114867987315
7564,4197.135351906972
7565,4454.733329905855
7566,4043.517098976411
7567,4187.264026868557
7568,3995.12077641622
7569,3733.841418975986
7570,4396.273354503324
7571,4201.791435711421
7572,3605.0642090506435
7573,3987.0311204748677
7574,3380.241659534763
7575,4070.9850448255092
7576,4093.878473504942
7577,4083.478911089146
7578,4009.0074431918624
7579,4244.554125977974
7580,4314.809995865096
7581,3660.564460585294
7582,3596.5962256901958
7583,4366.7476423851285
7584,4393.480596780136
7585,4473.912506394514
7586,4093.3467294183065
7587,4408.963809282829
7588,3823.8664866088616
7589,4058.734673622531
7590,4189.63842200717
7591,4051.3150746543065
7592,4091.613327427198
7593,3459.5742593020063
7594,3943.2657429683068
7595,3917.4070243013484
7596,4180.11441190651
7597,4260.366870822683
7598,4409.178705461256
7599,3584.866902325986
7600,3559.629286090763
7601,3836.5693286338255
7602,3790.801064848745
7603,3758.350332047493
7604,4097.657088164957
7605,3862.6995767306826
7606,3594.724909308419
7607,4197.374302669273
7608,4272.210363786891
7609,3921.3013218739407
7610,3669.49840522978
7611,4003.348153227512
7612,4191.20172742806
7613,3912.4412710505803
7614,4114.8190640965895
7615,4091.880132720599
7616,4253.761854346709
7617,4055.5559281048154
7618,4067.522455031441
7619,4150.600472667549
7620,4663.128984810487
7621,4058.898935944188
7622,4328.522162266746
7623,4059.083518060179
7624,3829.9201301865414
7625,3967.4297801940547
7626,3849.6983068719132
7627,4202.890534370662
7628,4228.765198798249
7629,3705.7737527758104
7630,3932.2333419812776
7631,4184.062996187568
7632,4096.567238996195
7633,4337.7136846921385
7634,4314.988293450258
7635,4079.0817028849415
7636,4406.013378329829
7637,4048.0742241047856
7638,4019.9266447460705
7639,4108.653978997947
7640,3922.605855277086
7641,3960.000957309009
7642,3950.8594766149445
7643,3804.084560590838
7644,4048.298332088031
7645,3885.839569261173
7646,3939.917853498065
7647,4109.142303865963
7648,4027.524625780955
7649,4040.545857571592
7650,3859.2370420239504
7651,3696.1442866863126
7652,4030.587084582533
7653,4468.409912897282
7654,4047.275456921753
7655,4100.066390072725
7656,3895.8838585904296
7657,4220.328278981396
7658,3688.662873318
7659,3680.7245702926616
7660,4161.108989491348
7661,4325.959892175355
7662,4387.5136312288705
7663,4070.3094362566535
7664,4182.545645846191
7665,3982.5304455022715
7666,4205.909739652807
7667,3844.3411578456717
7668,4054.2368092634356
7669,3889.651079955275
7670,4065.3000383404797
7671,3748.021767154135
7672,3922.050016834847
7673,4461.228405611813
7674,4263.38446152008
7675,3911.1876372366123
7676,3661.676385092699
7677,4097.58280627096
7678,4165.771203039163
7679,4099.27177214703
7680,4070.91944326449
7681,4363.492269264367
7682,3871.8737880715084
7683,4217.150758711165
7684,4102.520758321035
7685,3753.4932180024607
7686,4211.397025700752
7687,3579.2359180584535
7688,4346.43167377896
7689,4089.5839363118776
7690,3960.3897712683074
7691,3844.953746497891
7692,3849.6935817113936
7693,3784.6236361277834
7694,4104.335001367646
7695,3989.2363478398042
7696,3813.0105675516797
7697,4311.674199330982
7698,3889.632147917582
7699,3892.4590302752877
7700,4625.942781134654
7701,4063.2748841915454
7702,4268.159955012954
7703,4081.7458921569914
7704,3751.2419714728476
7705,3793.417748150545
7706,3604.0878844919794
7707,3508.1152442233024
7708,3712.0841515032143
7709,3810.2881538295956
7710,4524.772964697333
7711,4447.067285001352
7712,3734.483394556669
7713,3734.637023137552
7714,3481.7260822662147
7715,3886.190990287145
7716,4007.380977693384
7717,4197.542436133797
7718,4346.911849148712
7719,3779.154231870194
7720,4069.0783995737047
7721,4260.165680295917
7722,4117.115290346685
7723,4000.570347835828
7724,4630.19097273463
7725,4346.571027439072
7726,3943.4698330574515
7727,4442.198729388964
7728,3707.2844795063847
7729,3929.307312784055
7730,4025.283026721635
7731,4193.608215173751
7732,4066.621490243244
7733,4171.328748201786
7734,3732.0130412615395
7735,4489.039501727996
7736,3711.0042192592127
7737,4050.352048681957
7738,4427.924301037148
7739,3544.9351447609106
7740,4389.407033437026
7741,3786.613228682759
7742,3884.5392404179893
7743,3518.4128300801285
7744,3638.3519487876806
7745,4202.227653737249
7746,3596.509089657716
7747,3991.9914575464218
7748,3309.1656171988675
7749,4254.391104129392
7750,4184.514563679002
7751,3919.123169406662
7752,3588.4538279640165
7753,4111.504708794231
7754,4183.401773518211
7755,3717.157267935607
7756,4233.055878773224
7757,4146.322549294587
7758,4555.704389753233
7759,4185.761738330627
7760,4181.61766891847
7761,4204.256609200111
7762,3883.8378357682013
7763,4019.1859145424437
7764,3633.8103316377264
7765,4017.313250064653
7766,3591.2905424506635
7767,4067.016594290568
7768,4072.337437324556
7769,4317.760627409229
7770,4286.049798736165
7771,3653.7093987875523
7772,3472.068611746001
7773,3756.837731842874
7774,4427.857954427471
7775,4108.2594462088255
7776,3869.4197715741057
7777,3911.9711893201165
7778,4192.1307751453705
7779,3978.115099242704
7780,4310.503596078814
7781,3746.6123051466693
7782,3996.791926913753
7783,4340.026704190885
7784,4036.2941653965026
7785,3853.832652424782
7786,3749.4697893723815
7787,4019.480556416915
7788,3968.2190087458507
7789,3835.958066152808
7790,4167.216595574246
7791,3744.6472341581084
7792,4074.6039223891603
7793,3958.857008203786
7794,4033.362311107002
7795,3690.9564485802157
7796,4272.5941794475
7797,4289.804183729698
7798,4131.791692213896
7799,4174.554233809367
7800,4048.1667913707415
7801,3821.955033515849
7802,3949.2303298274787
7803,4348.781871202655
7804,4166.224875321436
7805,4033.385201118746
7806,3830.6622008140002
7807,4110.433918065972
7808,4127.388222204158
7809,3996.9259207557257
7810,4379.742186177118
7811,4266.147963187941
7812,3896.7479500953896
7813,4013.81020735536
7814,4106.375796310862
7815,3845.3661139928727
7816,4621.789884406616
7817,4393.576577628719
7818,3886.5872781086323
7819,3827.522327381983
7820,3726.760888631404
7821,3816.7861067086587
7822,3718.5157422095162
7823,4306.878559886043
7824,4399.504327606253
7825,3883.2659205237596
7826,3447.908633229945
7827,4049.9384690549496
7828,4138.295431894731
7829,3669.6777541703523
7830,4188.131791692629
7831,4416.666482655249
7832,3495.263652974213
7833,4363.598335761466
7834,3794.2191252980097
7835,4283.8877487472455
7836,4327.54671086009
7837,4278.511011918134
7838,3828.9290255120604
7839,4549.490688016159
7840,4102.467664008855
7841,3913.702851272802
7842,3747.984126336995
7843,4304.866118076759
7844,4031.9765617833755
7845,3965.276318561975
7846,3673.023298144725
7847,4537.013694434357
7848,4047.714178080035
7849,3848.075827825395
7850,3820.0104407618264
7851,4408.9516569144735
7852,4214.973579374948
7853,3671.4370647984715
7854,3868.6673193300385
7855,4146.480490366955
7856,3596.873686973361
7857,3999.7686056673165
7858,3902.375771997348
7859,3725.1540778815042
7860,3923.1105067993203
7861,3887.9689279891645
7862,3871.1418228292096
7863,3929.0884385643503
7864,3426.894030330868
7865,3493.8783564114983
7866,4127.015057220055
7867,3689.1782708188402
7868,3817.012768023501
7869,4178.351919038305
7870,4480.893164687059
7871,4021.3472255427787
7872,3940.0254610026705
7873,4319.35053106239
7874,4098.548886545574
7875,4045.4642137939627
7876,4544.9037059204375
7877,3568.964051669847
7878,3739.898419638585
7879,4039.8680491670675
7880,3950.457320479345
7881,4285.902684828887
7882,3844.316245676053
7883,3984.9212201291593
7884,4142.403247721724
7885,4650.333699711322
7886,4072.3528041430454
7887,3806.284103482434
7888,4041.066559052163
7889,3748.241355157913
7890,4119.066425107972
7891,4066.3449790035183
7892,3892.651072193646
7893,3875.6527061027373
7894,3826.15472465365
7895,3617.663492561701
7896,3990.6622306437844
7897,3876.9135712119987
7898,4116.548930254567
7899,3775.8802735923227
7900,4119.2288635763725
7901,4302.827299989066
7902,3893.4261191702763
7903,4125.95405731111
7904,4090.0540189783824
7905,4064.3999538282637
7906,4018.5582393745726
7907,4220.315060753235
7908,4280.644125415876
7909,3668.311734946408
7910,3550.216510705153
7911,4655.019745112253
7912,4072.6283710810208
7913,4003.4828095637777
7914,3959.3832694761477
7915,3602.032999000756
7916,3829.7414957476008
7917,4195.416309860095
7918,3983.856360668822
7919,4046.4231731981836
7920,3944.7967400068287
7921,3910.028383260481
7922,3869.472600181908
7923,3963.3621185645243
7924,3938.007968131147
7925,4401.341482744338
7926,3981.970427448111
7927,3658.4953303770108
7928,3849.138548443045
7929,4178.812199342597
7930,4079.046899219922
7931,4587.144784337146
7932,4056.7532900951837
7933,3853.186029571829
7934,4351.068156724237
7935,3890.153234384676
7936,3961.2127928389427
7937,3753.055955331501
7938,3950.281213882553
7939,3649.7431246613774
7940,4004.3207340815334
7941,3866.0205562510555
7942,3968.7235549741445
7943,4265.734575378358
7944,3591.6475229311236
7945,4199.212763041016
7946,4389.819027188633
7947,3681.0888631053235
7948,3921.413089081643
7949,4483.686067904346
7950,3773.34221776896
7951,3660.8366957899443
7952,3525.739196268508
7953,4013.7936175504774
7954,3715.8171820561765
7955,3649.3969848782
7956,3599.0472068828817
7957,3971.729691949151
7958,4545.355728416289
7959,3928.837500839104
7960,4088.04065630612
7961,3822.5878406114243
7962,3987.760700198298
7963,4323.590638974956
7964,3852.317307410797
7965,4062.933745339091
7966,4055.436283770066
7967,4102.307858583887
7968,4191.75158652625
7969,3753.530308883613
7970,4072.738767127028
7971,4172.290575708693
7972,4165.12596763433
7973,3604.926866566754
7974,4066.4412925105753
7975,4555.967893530932
7976,4165.645391839528
7977,4262.363555955386
7978,3724.0341522211893
7979,3902.6619120858986
7980,4240.428064107312
7981,3628.2898561685834
7982,3444.7438490320174
7983,4146.478900680948
7984,3530.647303724236
7985,3909.7808157159734
7986,4559.114832769353
7987,4415.951037238483
7988,4066.3200202535095
7989,4031.161381083567
7990,4208.836822319675
7991,4090.9004035786224
7992,3573.688234368361
7993,4310.527326273411
7994,3619.8714490693646
7995,3924.7097736789565
7996,3712.540917505534
7997,3780.2459908801866
7998,3620.257232238705
7999,3978.3652568157286
8000,3738.098315365699
8001,4457.355972599212
8002,4342.068832200295
8003,3659.811929108727
8004,3946.253190238585
8005,4108.6318665443905
8006,3573.9748777690575
8007,3987.4637697186504
8008,4002.9120908086607
8009,3971.0009135008663
8010,3893.8806594741955
8011,3912.6014063555676
8012,4273.007938453521
8013,3585.785435381203
8014,4077.1074317995863
8015,4103.939839685698
8016,4334.12765372439
8017,4157.8086689088805
8018,3697.5986118590777
8019,4011.8254808475176
8020,4541.612195255378
8021,4279.852963536284
8022,3767.5781557985206
8023,3671.2138146854713
8024,4330.770449687738
8025,3803.9697483467835
8026,3884.0056199576857
8027,4238.621944155331
8028,4133.800877318287
8029,4179.053394642464
8030,3948.284055499372
8031,4450.180910294872
8032,3955.7411707797983
8033,4045.485728105963
8034,3955.422248037372
8035,4109.253625769288
8036,4275.674504374044
8037,3572.4322829403472
8038,3502.829705047399
8039,3941.7279515538435
8040,4283.211226372763
8041,3900.0512439233135
8042,4135.929206683606
8043,3670.236377280519
8044,3995.927172210422
8045,3994.0994212601036
8046,3692.998444890236
8047,4227.932731437361
8048,4048.9851837714514
8049,4402.489194561253
8050,4166.479516474195
8051,4135.216115927933
8052,3880.6593810793647
8053,3576.1100871599456
8054,3894.701731419651
8055,3793.6859112326356
8056,4157.201673172803
8057,4022.6886248168776
8058,4157.696789806241
8059,3825.0490826649757
8060,4465.5097967792935
8061,3971.2003395306742
8062,4232.123494035301
8063,4162.050870992856
8064,4121.286930241884
8065,3985.2269561420358
8066,3649.3560804133126
8067,4208.056940680994
8068,3689.171733511944
8069,4079.138660036951
8070,4024.98205874879
8071,4407.435707118986
8072,3938.4639092802745
8073,4229.494310639699
8074,4299.912361588854
8075,4109.9497575006
8076,3995.775498824405
8077,4086.174544530956
8078,4243.702519923744
8079,4036.1194429813895
8080,3898.6590335029127
8081,4072.324781933321
8082,3933.0765106944555
8083,3991.3517033706885
8084,3561.3646382360785
8085,4187.374877024051
8086,4231.330310857937
8087,4526.377212120275
8088,3921.89617369081
8089,3627.4338169752705
8090,4095.785528466903
8091,4086.4931744861815
8092,4121.806497029673
8093,4320.288847048585
8094,4410.619580320614
8095,3766.8828490002315
8096,4057.7405733803307
8097,3601.7779758400957
8098,4010.1055186710882
8099,4161.481956727205
8100,3911.9820358377697
8101,4276.502795884517
8102,4137.55617396943
8103,3640.632375519116
8104,4014.7645394601686
8105,3977.272221208728
8106,3864.2226309685407
8107,4047.4525178178455
8108,4045.1929950583117
8109,3586.2849424412425
8110,3722.1911949914575
8111,3724.362052137686
8112,3935.8006656430252
8113,4044.2685531487723
8114,4185.6221021129395
8115,4353.458073958507
8116,3996.860962287169
8117,3998.8052241977894
8118,4444.564699243706
8119,4359.133252035849
8120,4355.073870740733
8121,4107.6113503868055
8122,4473.501458307532
8123,3917.2813203009155
8124,3644.1358570480947
8125,4048.280047609439
8126,4428.223381961664
8127,4351.293992110587
8128,3693.471675631596
8129,3790.753486068379
8130,4241.1943241370645
8131,3924.1576302236253
8132,3976.372556597478
8133,3941.67023932562
8134,4130.005000431795
8135,4202.270920869322
8136,3896.365860614249
8137,4436.415842596206
8138,3733.120419720518
8139,3546.968695316499
8140,4034.643630059243
8141,3523.831608777875
8142,4136.544869541112
8143,4184.04698888397
8144,3799.435707293259
8145,4378.386394651359
8146,4410.805978739976
8147,3871.2611624259225
8148,4075.554956103446
8149,4160.27424153213
8150,3830.265793158197
8151,3896.947404695366
8152,3536.231909145104
8153,3856.2578840831707
8154,3576.275193771311
8155,3966.312874710626
8156,3680.859374404927
8157,4279.442827668866
8158,4535.600759888022
8159,3805.036310426297
8160,3701.4158209598754
8161,4065.371266868751
8162,3651.255328335171
8163,4302.792219967438
8164,4058.48512258831
8165,3966.0677613372
8166,4156.369718653936
8167,4328.955420395478
8168,4266.95213390555
8169,3916.35643752356
8170,3841.6901701417955
8171,3981.969300669054
8172,3839.266388439022
8173,4114.13486733267
8174,3984.787484291397
8175,3452.9318893732416
8176,4330.641771581438
8177,3624.8347964493178
8178,4038.9476895275247
8179,4021.871477471389
8180,3653.119345969454
8181,3657.174025489881
8182,3839.300691045519
8183,4277.918164400122
8184,3545.200175536702
8185,4137.547960068831
8186,4013.007713616199
8187,4215.257951297079
8188,3901.1417090766663
8189,4071.3539168443594
8190,4597.439322925162
8191,3786.9424095229792
8192,4255.281150652997
8193,3705.8363811623567
8194,4048.578436511348
8195,4204.09272132964
8196,3786.2443985625646
8197,3639.7517995974727
8198,4226.097389927514
8199,3489.7386399882153
8200,4098.501860903809
8201,4389.934219598004
8202,4028.2969764374884
8203,3833.3597817491054
8204,4159.213824098975
8205,3932.771128397945
8206,3799.3865282649376
8207,3956.1223081127628
8208,3668.4454220202697
8209,4295.888005985916
8210,3906.5593428281563
8211,3963.98049022559
8212,4142.630972701131
8213,3771.4542134462854
8214,3914.703140297079
8215,4021.666189614253
8216,4152.480288053585
8217,4254.729761759934
8218,3793.102819542437
8219,3728.1752987280943
8220,4074.603658627888
8221,3912.4984213566186
8222,3775.9992494458565
8223,4264.381782769238
8224,4018.95986180279
8225,4017.0339489048642
8226,4027.5006676448756
8227,4144.488116406623
8228,3893.844772840185
8229,3952.325303219679
8230,4009.779671492177
8231,3761.0579605667444
8232,4053.3425523634987
8233,3922.794580827618
8234,4320.3032097012565
8235,3894.7595148685214
8236,3769.7302265566295
8237,4301.065012713664
8238,4367.942554439662
8239,3698.373507141504
8240,3902.7190895968665
8241,4164.868440795568
8242,4286.6450725006725
8243,3817.7764797795776
8244,4448.805582021885
8245,4078.9327304922454
8246,3962.6486799976774
8247,3845.204182732801
8248,4299.070656622519
8249,3812.666253888895
8250,4129.241796006265
8251,3687.0124080071378
8252,4227.050055527444
8253,3655.4234267082225
8254,3779.9815336975935
8255,4674.616089810788
8256,3882.309612211716
8257,3976.7812437346097
8258,4306.325220309016
8259,3671.4745164490014
8260,4005.5617653798563
8261,3797.0555422933703
8262,4498.54262102571
8263,3836.568086817586
8264,4055.9929697535053
8265,3789.854448220267
8266,4243.7971365001995
8267,4196.464604916104
8268,4400.475786899984
8269,4072.1300500998095
8270,3739.3037070962446
8271,3540.7100035029825
8272,3826.7297293845863
8273,3704.6742880427264
8274,3706.998355273703
8275,3794.2279807410514
8276,4418.55011921213
8277,3828.8684847566874
8278,4048.6551204498646
8279,4052.107935607122
8280,4144.459183729082
8281,3809.9857979734743
8282,4111.4303453040175
8283,3832.2276881549774
8284,3802.009932449918
8285,3809.744673604351
8286,3995.48830635439
8287,3982.774595001433
8288,3897.726700815804
8289,3759.1711784016416
8290,4018.876082836004
8291,4244.423934154456
8292,3805.769692259896
8293,4350.591819468998
8294,3762.4026823990275
8295,4235.1877607935385
8296,3858.4166541721006
8297,4046.872401710346
8298,4170.161988487387
8299,3870.2282723174485
8300,3898.171032029
8301,4070.257608039654
8302,3967.40716608434
8303,4354.304278853993
8304,4235.894852249325
8305,4081.183473454371
8306,3616.593243931834
8307,3582.6623724594156
8308,3690.038880981681
8309,4452.003611094403
8310,3894.7578882246808
8311,3906.5777335647053
8312,4443.896342243704
8313,4290.446804962491
8314,4311.47816799805
8315,3957.4026119166847
8316,4199.678169878796
8317,3887.5649838125782
8318,4239.830556214971
8319,3872.6777419618656
8320,4108.655329829739
8321,4112.192656159513
8322,4137.301590715546
8323,4162.792521557197
8324,4462.094156467324
8325,4650.590862362482
8326,3968.31982447864
8327,3914.7948079958073
8328,3821.902506961052
8329,3737.3648642246926
8330,3907.506243206277
8331,3857.0252726475915
8332,4423.780120370779
8333,3993.4891076641743
8334,4149.8264018528835
8335,4500.816008612779
8336,4440.828416776043
8337,3591.5046895924934
8338,4033.010698491338
8339,4066.8333290077435
8340,4308.9083340701245
8341,3622.961654494885
8342,4023.5515494616106
8343,4133.797866881745
8344,3589.655407844727
8345,4135.505204486675
8346,3692.9971643165472
8347,4206.6815160703245
8348,3932.324878553737
8349,3820.80520535085
8350,3963.8542103215127
8351,4083.630054780967
8352,4247.975725486957
8353,4459.745597634337
8354,4117.213219773365
8355,3964.171767858059
8356,3733.0555006123354
8357,4313.982599335154
8358,3957.635043856684
8359,4054.2723270473516
8360,4168.208608124252
8361,3583.054923474543
8362,4200.391699738785
8363,4325.419885608121
8364,4120.20294760982
8365,4002.824201293074
8366,4185.544494365137
8367,3977.0797650687555
8368,3614.0349473753668
8369,3883.549029890841
8370,4425.562990680539
8371,3834.453304479531
8372,3916.3486574668514
8373,4215.586377144118
8374,3994.0379799063676
8375,4122.118019669001
8376,3949.8439944055244
8377,3973.265367392968
8378,4635.277640329992
8379,4331.7598609250235
8380,3719.869487635999
8381,3743.1409270099693
8382,4221.460412909193
8383,4432.787553937764
8384,4297.5812596264095
8385,3591.1709780582523
8386,4493.215186672045
8387,4079.35068475038
8388,4042.0317139377603
8389,3829.906687960489
8390,4147.502571638353
8391,3481.5394305447717
8392,3999.2359813684952
8393,3439.407441634295
8394,4065.128025114035
8395,4116.4691356955345
8396,4045.4613955594314
8397,3413.2432178461813
8398,3904.0826335827333
8399,3956.45590436965
8400,4266.883927648423
8401,4083.448540068143
8402,3719.26959939495
8403,3716.148141749398
8404,3983.199484433638
8405,4131.670674175753
8406,3805.484877824986
8407,4487.669949427898
8408,3931.8217042178903
8409,3675.8791301059155
8410,3757.7679368597246
8411,3657.0779369345983
8412,4346.806433726204
8413,4226.950585735953
8414,3386.843616662214
8415,3920.494300671123
8416,4118.672948760883
8417,3667.853586152036
8418,3714.0974909081187
8419,4032.5550363673615
8420,4330.25889666641
8421,4131.475703622112
8422,4289.995627027915
8423,3902.8642920052675
8424,3622.4742522377583
8425,3951.1622045451486
8426,3789.15697391947
8427,4194.634899784811
8428,4407.742614689912
8429,4433.0437973732805
8430,3853.425559940162
8431,3874.0152117261177
8432,4045.403005064475
8433,3938.9436361092285
8434,4089.0165024881208
8435,3873.6476732155234
8436,3729.1329350720675
8437,3744.076929206126
8438,3887.771765897867
8439,3855.298340944285
8440,3914.03397572628
8441,3844.09805808656
8442,3996.8276818163463
8443,3856.1640902319054
8444,3749.7926459423593
8445,3575.304026672531
8446,4089.1302045682523
8447,4345.895750590875
8448,4563.064050744457
8449,4291.221283958811
8450,3965.206450131376
8451,4171.746984919089
8452,3791.4998466082166
8453,4163.942260541469
8454,3901.620836604049
8455,4259.278406633509
8456,3925.1932298138163
8457,3723.7002910528918
8458,3717.8862779461756
8459,4298.408829716016
8460,3591.8919160021655
8461,4054.3723555364213
8462,3708.8196685044677
8463,4201.506703273621
8464,4007.895756259175
8465,4022.4858400151415
8466,3783.4556623376393
8467,4559.549514206225
8468,4388.1385464054665
8469,3664.251449364613
8470,3554.554504888756
8471,3680.7782424450234
8472,4499.847936578808
8473,4242.864802860942
8474,3508.1140818639115
8475,3849.992726371571
8476,3748.562952256808
8477,4282.48491673671
8478,3427.411639373681
8479,3949.1427829134764
8480,3616.138959262612
8481,3882.3166592398893
8482,4083.8804902957263
8483,4442.32178969341
8484,4082.8280344213053
8485,4156.145590881608
8486,3649.8984841525044
8487,4066.620380250135
8488,4005.5021745138956
8489,4319.617664013411
8490,4117.365404296095
8491,4179.1169959558765
8492,3993.539655527453
8493,4003.887797599772
8494,3905.4011507863906
8495,3764.3503233258243
8496,4233.225200227498
8497,3538.2246736924835
8498,3704.9696939097857
8499,4204.381425430499
8500,3706.1080739123745
8501,4401.337696722313
8502,4107.564088768778
8503,4154.402922763147
8504,4281.203784988452
8505,3935.671045238677
8506,3993.9917917602797
8507,3610.692912094809
8508,4054.8923288205087
8509,3803.1525692315604
8510,3954.3331061845406
8511,3703.3234828682143
8512,4218.761248173082
8513,3982.4862477065262
8514,4142.752090387128
8515,3707.8333992306234
8516,4116.567079157222
8517,4495.299669247338
8518,3383.9790936798895
8519,3756.564902557225
8520,4017.886830552692
8521,4206.959306861948
8522,3826.0188305068796
8523,3604.4321101932333
8524,3697.287447158702
8525,3473.2668820421413
8526,3953.675372468644
8527,4150.801205883157
8528,3782.71013150882
8529,3933.0492053239514
8530,4159.932787365938
8531,4378.730154327319
8532,4318.00946050918
8533,4463.138590235977
8534,4126.56439347295
8535,4164.616752045604
8536,4178.887871103928
8537,4080.8079969464525
8538,3974.713516824009
8539,3718.5743853482736
8540,3640.110186711987
8541,3743.3718265003176
8542,3608.1717292991984
8543,3820.3358331122563
8544,3917.405844649109
8545,3581.786993944682
8546,4436.492410659652
8547,4431.836750764629
8548,4083.715442285113
8549,4223.161804126882
8550,4609.169199992763
8551,3965.5520434679242
8552,4202.774956957608
8553,4099.270100070398
8554,4147.839672476633
8555,3745.143029231307
8556,4057.66510550796
8557,3755.105261640466
8558,3906.5120715981184
8559,4231.321825807124
8560,3933.5141656559235
8561,3852.373246942043
8562,3850.349047343938
8563,4187.4088233784005
8564,4362.246628898715
8565,4470.543404157666
8566,4150.961696108254
8567,4490.760922513003
8568,3716.2923166922697
8569,4420.385556320705
8570,4006.511893093515
8571,3853.539453888199
8572,4408.205191677465
8573,3988.730839628506
8574,3580.516452618658
8575,3868.4296021646114
8576,4406.009639974955
8577,3742.273453246603
8578,3809.2680158864196
8579,4087.5519754260113
8580,4267.92197126231
8581,4330.891901077674
8582,3974.9011405321007
8583,4315.432581211915
8584,3914.110007772473
8585,3582.6218223760998
8586,4346.067097362486
8587,3935.566260283964
8588,4094.048475393176
8589,3946.3295852585616
8590,4128.070352395989
8591,3847.8846753085654
8592,4014.4762384676305
8593,4196.2075672645005
8594,3703.170733946287
8595,4088.9656365319597
8596,3713.2985954838123
8597,4062.504724036914
8598,3879.64556808944
8599,4137.880535564769
8600,3890.7828995138348
8601,3971.71988319447
8602,3991.9609235017197
8603,4125.503474681641
8604,4250.995819439354
8605,4205.774905940911
8606,3989.925256871863
8607,4079.6039450509224
8608,4116.789707140247
8609,4054.5701903812237
8610,4068.186837443706
8611,3856.6972005941375
8612,4435.371500809939
8613,4428.156615080047
8614,3540.006493411528
8615,3985.8633853057136
8616,4042.8794348625506
8617,3725.5943889795567
8618,4240.105857946612
8619,4070.34465072889
8620,3835.4521403799326
8621,4384.796584846381
8622,4206.17135760151
8623,3789.8350936699517
8624,4069.489106860897
8625,3398.8117924754115
8626,3848.713000964746
8627,3919.826215196893
8628,3994.47323253105
8629,4150.415041303732
8630,4374.905119622199
8631,4281.963505839543
8632,3812.507953060247
8633,4463.906752421339
8634,3841.021782126449
8635,4054.694781915217
8636,3635.2164431132796
8637,4129.5887037139555
8638,4083.8503491289002
8639,4044.8582460846246
8640,3818.744386691371
8641,3882.9862381096345
8642,4277.934591719972
8643,3527.186068886889
8644,3624.4476382516004
8645,4364.517242621888
8646,4013.9437063517476
8647,3414.1780119528657
8648,3814.0482361813383
8649,3539.7977237376435
8650,3348.248146388642
8651,4177.535181904912
8652,4170.954786644185
8653,3784.521320814504
8654,3839.860412042275
8655,3908.3509396089726
8656,3922.8033670087048
8657,4479.756630773996
8658,4005.742214252955
8659,3707.9730605868417
8660,3748.5346095901514
8661,4222.755451662824
8662,3740.859190589996
8663,3684.642912793452
8664,3761.0618178554028
8665,4075.2556056883623
8666,3927.6997930090547
8667,4400.651503038516
8668,4261.041897202792
8669,4092.828160199161
8670,4148.623336150778
8671,4324.49736556081
8672,3475.0474533483766
8673,3733.986175319321
8674,3936.483844193103
8675,3842.5874261561544
8676,4478.571629362537
8677,4019.786259631474
8678,3817.6972060176276
8679,4127.365955164665
8680,3905.7558744547314
8681,4104.832664444544
8682,3452.6127381176066
8683,4000.301414014687
8684,3685.506911209308
8685,3786.2512613461386
8686,3879.506748775535
8687,4248.420954713999
8688,4125.268196077642
8689,3727.2286249438444
8690,3839.5276838675354
8691,3817.6383579085114
8692,4011.413645375972
8693,4145.515122594686
8694,3690.8967814707576
8695,4325.762358848709
8696,4253.75143246689
8697,3627.9911588707673
8698,4083.8427916749815
8699,4372.629714826465
8700,4017.7204157554443
8701,3612.3873540139216
8702,3862.3766169140445
8703,4276.447968529951
8704,3854.173677946929
8705,3712.3332354780546
8706,3975.2678695584254
8707,4688.300126851752
8708,4040.16616773504
8709,3894.1537212206504
8710,4157.887093330382
8711,3884.7062896344737
8712,3850.656320936798
8713,4060.027696504284
8714,4033.177363469744
8715,3688.632183210041
8716,3687.396304369964
8717,3937.90770530077
8718,4184.088552734636
8719,4348.953769271695
8720,4115.641743494856
8721,4232.036973645225
8722,3545.4466512925997
8723,4292.969319246286
8724,4410.405707071739
8725,4020.281478870704
8726,3880.661769112602
8727,4017.8068149192172
8728,3742.8352171009483
8729,4278.561460494262
8730,3587.878468179625
8731,3441.0648899345124
8732,4233.4201604853115
8733,3904.7424071078485
8734,4236.86686353007
8735,4193.461131471275
8736,3846.7288177894834
8737,4123.51874015135
8738,3739.2975377862576
8739,3823.0482184572934
8740,3602.6607797476854
8741,3629.4102512162226
8742,3421.8026116341025
8743,3883.4288265736004
8744,3988.991690486879
8745,4123.330642391055
8746,3868.159713789072
8747,4185.311841112502
8748,3998.2744909887406
8749,4006.789025019806
8750,3575.7488482543677
8751,4439.544783017239
8752,4159.086495556648
8753,4140.857821798192
8754,4149.618643150354
8755,4088.8751230182543
8756,3818.124357598752
8757,3981.094518315751
8758,3905.5065785476872
8759,4178.712055404024
8760,3891.857570563682
8761,3770.0417314751057
8762,3771.764679891948
8763,3673.2236829413046
8764,3777.11005781682
8765,4256.435689640468
8766,3801.8079057257046
8767,4117.478646762158
8768,3931.978472572795
8769,4337.971532105728
8770,3988.3239080133835
8771,4012.017156390276
8772,4137.242813327253
8773,3992.4121101102933
8774,3557.7813524675544
8775,3563.5938516096567
8776,4191.18080889995
8777,4110.024309985005
8778,4267.3716304014615
8779,3755.6939687630456
8780,3627.873230181049
8781,3914.3985978456258
8782,3827.633145514143
8783,4296.421458832088
8784,4120.796696657038
8785,3602.0950415409043
8786,4065.9194856799786
8787,4149.584025895106
8788,4025.829677707186
8789,4235.211923483089
8790,4054.214863930669
8791,4157.26650367527
8792,4264.148522599298
8793,3930.645369994065
8794,4351.235376169364
8795,3959.70234362237
8796,4077.3371008399417
8797,3823.794140207233
8798,3880.1895118172806
8799,4332.450148223728
8800,4077.70886070316
8801,3905.704581136498
8802,3765.6417611738193
8803,3983.881516458514
8804,4304.575572851658
8805,3863.1061952125447
8806,4028.437003331338
8807,3522.6519783362546
8808,3813.9802163494833
8809,3787.724792419892
8810,4294.373907946317
8811,3748.5534541278635
8812,4041.606980496971
8813,4078.4030195170544
8814,4469.015342324516
8815,4158.4874712170895
8816,3753.7273720120193
8817,3545.0322055883626
8818,4134.549164901883
8819,4055.6642426858753
8820,3522.507242784178
8821,3561.8981651878357
8822,4225.604457251033
8823,3980.6658768365273
8824,3779.712904848481
8825,4409.353142890184
8826,4036.51239544556
8827,4455.274876586227
8828,4162.041234984101
8829,4072.754147055133
8830,3697.381069016813
8831,4316.617086819666
8832,3732.2439647533192
8833,4085.2376357012363
8834,3965.6249324188666
8835,4103.684957491907
8836,4144.737569504287
8837,3941.811554709837
8838,4289.923229701202
8839,3974.6690118249344
8840,3842.6776313043265
8841,4352.3461395404165
8842,4125.812092482467
8843,3483.962343639654
8844,4209.850372889487
8845,3766.6684924504552
8846,4243.888153973445
8847,3878.5559999878005
8848,4117.892173702926
8849,3602.253754225668
8850,3828.116558266661
8851,4174.579017932305
8852,4253.346084558677
8853,3641.7409085168174
8854,3788.8741279689452
8855,4253.7203347494615
8856,4538.574688893444
8857,3966.5895062344207
8858,4186.021614651326
8859,3777.4120448316376
8860,3831.3555911974586
8861,4153.534792437702
8862,4147.734953483366
8863,4093.8023085473596
8864,4080.3531823795365
8865,4088.3431604401767
8866,3837.3352894790787
8867,4016.186245967898
8868,3599.1333326104186
8869,3980.369896914618
8870,4251.921137297712
8871,4300.204099665303
8872,4224.105060768568
8873,4215.661280594297
8874,3868.1387853094975
8875,3988.889638606463
8876,3892.2600564261757
8877,3951.6829292481543
8878,4244.872214916017
8879,4369.46629502444
8880,4162.776824189131
8881,3986.1053008912113
8882,4597.233936192853
8883,3951.9181694125537
8884,3760.358169346826
8885,3874.293415621309
8886,4065.0393249421777
8887,3978.159592164466
8888,3413.9444176716315
8889,4041.25866129688
8890,3948.3955605760425
8891,4166.984680507638
8892,3894.257247630657
8893,3731.5369704134646
8894,3773.279435605332
8895,4146.478012033837
8896,3951.9032015467947
8897,4407.915838948781
8898,3926.7525204779186
8899,3982.1234020989864
8900,3819.6706381372405
8901,3609.208427538793
8902,3949.9623252006804
8903,4406.989021565425
8904,3983.2139552129756
8905,4172.828933526232
8906,3921.9558651400703
8907,4193.309226654671
8908,3457.0439797410218
8909,4006.6185894816686
8910,3594.773799085851
8911,3759.5366066188844
8912,3799.182685629275
8913,4332.5194550063825
8914,3962.1544473117983
8915,4030.7075258820028
8916,3795.2805567212226
8917,3899.015508990342
8918,3732.8317030861836
8919,3825.4474948093275
8920,4225.847853935191
8921,3697.4638036151146
8922,3888.6276006192984
8923,3820.4561540534523
8924,3786.6248287415897
8925,4146.668670928255
8926,3914.4231268314315
8927,4422.329090237789
8928,3968.518734397979
8929,3923.464442289084
8930,4381.9348756723875
8931,4040.1104007653594
8932,4122.275184823289
8933,3776.4060722377935
8934,3908.6579397775085
8935,4152.299461058342
8936,3559.0300981932833
8937,4162.423437333721
8938,4470.019268330648
8939,4058.3042042619913
8940,3955.32541143601
8941,3990.2340935070324
8942,4203.302630843321
8943,4122.891369227514
8944,4192.515573673148
8945,4507.34577626905
8946,4251.552525072573
8947,3899.7438980440133
8948,4043.6626011618464
8949,3490.6147763651024
8950,3670.4415002099845
8951,4048.817663836956
8952,3937.438659990197
8953,4528.322763531787
8954,4444.924784862691
8955,4135.837220712052
8956,3431.136525947626
8957,3746.4774930067115
8958,3706.791422357211
8959,4371.873305257952
8960,3888.7911089955487
8961,3757.672035344661
8962,3788.784149176699
8963,3999.629666730025
8964,3907.733208371408
8965,4358.037697069951
8966,4102.586737032057
8967,3989.0144573060215
8968,3987.1636199329123
8969,4242.139961426081
8970,4085.1681988101004
8971,4066.1519484142027
8972,3627.9769464342903
8973,3840.877944515619
8974,3364.4150898983553
8975,3917.4787111795954
8976,4129.922138336928
8977,4292.68421652705
8978,4196.701555205836
8979,4364.05155162508
8980,3636.3639691308294
8981,4263.131162800572
8982,4162.334146543991
8983,3832.348124838335
8984,3689.452378684784
8985,4542.86375949695
8986,3826.053246250141
8987,4250.219948217365
8988,3577.9710428914404
8989,4031.71160613587
8990,3967.7200712481344
8991,3639.8976872818657
8992,4066.1568794657896
8993,3939.228095156549
8994,3772.70775892874
8995,3885.4628462213095
8996,4008.237330083053
8997,3570.8107474739068
8998,3996.0197970217814
8999,4373.606749081214
9000,3887.0280505883
9001,3836.8295844911727
9002,4026.3327598912397
9003,4429.596448755069
9004,3837.0277527145713
9005,4014.57096367748
9006,4535.135941805713
9007,3945.0393020244746
9008,4533.7662659399675
9009,3854.3678141355945
9010,4137.705205802538
9011,3660.295651330519
9012,3962.369321117943
9013,3936.219189105982
9014,4385.480695318494
9015,3906.9090389698786
9016,3606.3518620306513
9017,4330.759438315206
9018,4114.814678540485
9019,4115.284346958237
9020,3977.2191971343645
9021,3938.7955367902796
9022,4355.189305292326
9023,3952.8633325940227
9024,3413.6172884956386
9025,4181.883169996592
9026,4058.6841213252746
9027,4208.046385771695
9028,3997.747264467833
9029,4080.068920685545
9030,3852.927519873978
9031,4196.163983788731
9032,3845.4203310885055
9033,3646.739052676692
9034,3640.20893023078
9035,3804.6991898075657
9036,4258.803576357594
9037,3633.2181697313586
9038,4216.002043427579
9039,3531.150314305538
9040,3862.0739062875837
9041,3802.083578722457
9042,4155.680315361052
9043,3782.8231703189017
9044,4152.226472868365
9045,4230.76873928394
9046,4187.904020275777
9047,3735.9974324219666
9048,4000.2274745651703
9049,4354.652464732065
9050,4044.97009295797
9051,3890.2683377062203
9052,4271.486490833941
9053,4012.3828359480135
9054,4410.172130178731
9055,3535.5326841294027
9056,3683.8805292728484
9057,3926.911329986311
9058,4265.421733931646
9059,3964.292679380341
9060,4177.870341319937
9061,4124.8767741539195
9062,3603.2413280074975
9063,4003.8225206822926
9064,4130.971824201813
9065,3443.8717287497093
9066,4215.313402908994
9067,3731.620214803111
9068,3658.816451020603
9069,4075.061835133639
9070,3944.294154233082
9071,4315.734587458098
9072,3989.7525255161404
9073,3907.8649054325947
9074,4539.062705900046
9075,4195.424337266633
9076,3816.977064673208
9077,3552.490686504669
9078,4248.134591607913
9079,4446.79366358562
9080,3798.3583312780174
9081,4196.746738802329
9082,4006.9355815819417
9083,3809.26526252188
9084,4094.027154393819
9085,3761.10124392248
9086,4209.223603909236
9087,4539.972274447021
9088,4234.201108024856
9089,4332.239595578041
9090,4075.754474889509
9091,3706.59377311429
9092,4016.753267376317
9093,4012.167190603512
9094,4176.889717618436
9095,3547.9702295408265
9096,3774.5258328357586
9097,4317.135764789179
9098,3712.9877771622523
9099,4210.845828425598
9100,4120.017766924501
9101,3922.3870534374246
9102,3930.687691754365
9103,3898.7253822950406
9104,4072.1781449634436
9105,3513.2544002734444
9106,4181.268999519609
9107,3569.1327189238536
9108,3872.758968765039
9109,3664.6695601268184
9110,3879.4422779481893
9111,4067.765966238697
9112,3755.3312434471836
9113,3871.673140771402
9114,3512.5112970911796
9115,3999.7710096365126
9116,4488.927624454558
9117,4596.719484033392
9118,3937.8675126948992
9119,4021.8345677328416
9120,4505.2272454792055
9121,4441.7941220334815
9122,3833.5049672920427
9123,4226.051226989401
9124,4021.1922212650934
9125,3815.5523516450426
9126,3870.106106018397
9127,4237.443495728467
9128,4185.148688928036
9129,4515.5400895679695
9130,4406.281588615736
9131,4333.219733743303
9132,4022.3273827033663
9133,3905.791808439978
9134,4441.720354636666
9135,3939.717598713318
9136,4019.984144320266
9137,3920.710983462654
9138,4570.310719065628
9139,4081.249980104064
9140,3701.761802945049
9141,4059.805439536187
9142,3812.382706215487
9143,4103.887573791106
9144,4054.212259579779
9145,4260.692093520614
9146,4386.154724334256
9147,4010.7350849305944
9148,4204.460451373358
9149,3781.1136100971107
9150,3824.608920166632
9151,3869.4775798386163
9152,4059.7713547847034
9153,4251.299610975808
9154,3946.861121905098
9155,3953.7703718967136
9156,4259.905839376339
9157,4293.246540308686
9158,4013.55456150307
9159,4141.623163004417
9160,4058.0553440309614
9161,4005.8916690233186
9162,4390.057796333369
9163,4209.462173941661
9164,3695.301985015637
9165,4468.608306825222
9166,4373.824897164922
9167,4057.93192053903
9168,4086.962667357613
9169,3649.6027623151867
9170,3783.0386896503064
9171,3867.778048458361
9172,3796.47042527139
9173,4026.374379516967
9174,4040.229375877828
9175,3920.4533144592483
9176,3609.0498266236905
9177,3901.070424197057
9178,3925.785137464037
9179,4282.83475623511
9180,3941.327627649389
9181,4237.618651110241
9182,4090.9147495425213
9183,4233.422286397762
9184,4575.424136728303
9185,3801.865669289382
9186,3475.604550521101
9187,3998.2269284400554
9188,3938.07109111571
9189,3590.8649245264232
9190,4355.56696242338
9191,3958.500842605115
9192,4043.4355495165946
9193,3890.487619600097
9194,4272.067033709777
9195,3717.188953355744
9196,3686.5648492446358
9197,3774.0502632406565
9198,4095.014089647437
9199,4057.3045990671008
9200,3760.980671110536
9201,4384.783464491511
9202,3869.5277145953914
9203,3645.575450269819
9204,3740.067730588995
9205,3708.1855363606956
9206,3692.9316804871314
9207,3828.020087459899
9208,4270.4677384887655
9209,4189.924030500664
9210,3432.4548728105374
9211,3747.961295519921
9212,4021.0676646021075
9213,4260.580733230212
9214,4146.657902489742
9215,4070.9116205553255
9216,3943.7108435057407
9217,3850.4906881079655
9218,3517.678820549526
9219,4399.358072622883
9220,3744.476323625409
9221,3882.418283479109
9222,3835.152462809177
9223,3832.2088277666026
9224,3956.0183557134615
9225,4208.0811093381735
9226,3713.048887510877
9227,4424.125374643943
9228,3618.2991920746017
9229,4035.277317765034
9230,3930.0091036384874
9231,3956.986474901655
9232,3392.4587415345213
9233,4100.293147009654
9234,3974.5015491719637
9235,4201.918842114104
9236,3846.6536905288795
9237,3774.5342373468316
9238,4252.96050293903
9239,3890.4322550215484
9240,3898.3173333492914
9241,3976.444448973115
9242,4262.098502007598
9243,3952.799011039421
9244,4045.2401728519926
9245,4581.533907648219
9246,4045.4042486795133
9247,3905.766713202783
9248,3363.8577759655573
9249,3966.101250270134
9250,4329.2458024125535
9251,3693.3334039397587
9252,3875.9784143476827
9253,3352.412084231807
9254,3765.3984790021923
9255,4348.665000330554
9256,4265.311073362043
9257,3507.175913806812
9258,4249.599873071781
9259,3782.8758256006095
9260,3727.9237268202614
9261,4203.361367541511
9262,3779.934521396286
9263,3923.2226838775514
9264,4193.018651084132
9265,4453.38328523204
9266,3413.220455965884
9267,4211.611783009837
9268,4137.299172950341
9269,3987.6480252605425
9270,3916.4883343525644
9271,4017.4091185521584
9272,4090.688634176485
9273,3905.326265899492
9274,4089.3968196141604
9275,4090.9450127438877
9276,4127.537501807694
9277,3583.3731323541497
9278,4083.306771138498
9279,3999.673541331642
9280,4086.87844588186
9281,3826.400382761275
9282,4563.1491248426955
9283,4364.8612442795475
9284,4289.1526684536
9285,3868.155717165599
9286,3672.7963841611736
9287,3729.149928040979
9288,3677.9942537767756
9289,4134.733438819012
9290,4068.9267382069233
9291,4213.711298436648
9292,4138.1569021086425
9293,3524.763675317587
9294,3900.5415971205107
9295,4161.004535658485
9296,4422.394283049234
9297,4364.518716787277
9298,4094.021091475106
9299,4067.7169341807707
9300,3704.2773937052416
9301,3810.4949816651542
9302,4404.743866245059
9303,4193.759004445052
9304,3734.4289034664735
9305,3490.800307489456
9306,3569.097141792934
9307,3839.255306935501
9308,4201.58720045506
9309,3904.8675976648574
9310,3761.4120970764743
9311,3903.4269478265887
9312,4107.562755013636
9313,3742.9974561402205
9314,3388.1665432862724
9315,4356.187867124367
9316,4199.670379544492
9317,4380.0247908861875
9318,4419.38223553061
9319,4145.896102995292
9320,3578.1535500876416
9321,4273.188400195756
9322,4402.070044277794
9323,4119.91543233495
9324,3436.129910840236
9325,3533.353116502921
9326,3939.1205791370594
9327,3978.469391470211
9328,4131.88585937826
9329,3950.1919361852524
9330,3618.3916917408123
9331,4167.845506732152
9332,3997.405722739194
9333,4047.5020205075925
9334,3931.8115221043154
9335,4093.429487904593
9336,4228.912167758556
9337,4330.650133317267
9338,4247.4670970895895
9339,4200.127219741353
9340,3454.9201540758886
9341,4375.717811085484
9342,3738.514164146851
9343,3736.8874871113726
9344,3748.9704643908744
9345,4144.016209777356
9346,3746.626003916779
9347,3489.9628404283853
9348,3708.994556856992
9349,4359.704419882329
9350,4356.59751202173
9351,4202.254447218476
9352,4386.15057115063
9353,3690.442282817592
9354,4108.353434303259
9355,3618.5995472995746
9356,3838.6811493111536
9357,3975.079959598576
9358,4234.891728217612
9359,3803.2490448100534
9360,3883.3761386980514
9361,3851.0474534793257
9362,4156.667454669877
9363,4327.010727317312
9364,4082.4341102502312
9365,3926.397668321314
9366,3480.5658588530077
9367,3797.13240129827
9368,3636.1208862324092
9369,4168.476905645864
9370,4103.997571112575
9371,3799.442802358513
9372,3996.509115063898
9373,3780.2131049780182
9374,3978.6410403011596
9375,3958.1221133329313
9376,4128.787681013573
9377,3880.8589073327194
9378,3872.929297189645
9379,3663.1688882399335
9380,4014.613651452938
9381,3892.550174645922
9382,3867.2096441114636
9383,3958.3130258617443
9384,3950.1193830786788
9385,4102.706703365059
9386,4390.573549539465
9387,4067.6954691650335
9388,4315.573536378002
9389,4080.156725793462
9390,3769.6317453928013
9391,3983.1525240315536
9392,4176.192452531919
9393,3933.2775574712796
9394,4016.1887726549185
9395,4042.84209269029
9396,3503.005612686635
9397,4175.64672004343
9398,4231.3442397475565
9399,3932.852479004084
9400,4199.241610629226
9401,3592.1723111822466
9402,4299.85821549226
9403,3799.341988692996
9404,3481.1954444070043
9405,3573.99539169133
9406,4300.653931788148
9407,4214.42307619419
9408,4063.911346284373
9409,3827.821833600356
9410,3665.6026450318805
9411,3998.048803097768
9412,4002.2398496296537
9413,4096.228196904498
9414,3790.131950626568
9415,4339.45865711409
9416,3810.0475008748163
9417,4254.716190407094
9418,3616.0722009757437
9419,3728.8286886861215
9420,3963.665822855881
9421,3766.749112728117
9422,4627.792620800654
9423,4189.051320315139
9424,3678.7451648157116
9425,3783.2475034474305
9426,4113.60289844111
9427,3662.356864484827
9428,4126.001086828452
9429,3943.60814887966
9430,4298.202419229028
9431,4393.8675037733865
9432,4011.0148672475243
9433,4284.187413848795
9434,3548.1461337372043
9435,3648.4048027905883
9436,4226.932531479512
9437,4312.194824503973
9438,4150.443860312858
9439,4164.725699684401
9440,3672.888019343155
9441,3691.296289546409
9442,4456.966192695176
9443,3949.7819525107757
9444,3839.9980699432535
9445,4492.994508170237
9446,3675.812771393154
9447,3858.7971032195405
9448,3646.8725066680536
9449,3819.9686467470256
9450,3375.659587721487
9451,3996.328898912882
9452,4058.701487274594
9453,4206.796269278826
9454,4250.482801141134
9455,3890.069088790563
9456,4216.87205051591
9457,3895.8939311679414
9458,4263.842946532434
9459,4055.8776013511197
9460,4134.4684143156255
9461,4154.979564998268
9462,3939.6907867488094
9463,4096.116678041852
9464,3874.653277383488
9465,3726.582071473082
9466,4090.364471594599
9467,4059.212084603045
9468,3677.1727167649487
9469,4122.945219099605
9470,4003.2250645857116
9471,3679.0468126460983
9472,4575.133818931266
9473,4274.7690172588755
9474,3711.2115680704633
9475,4091.9091057282026
9476,4035.107080653691
9477,3871.3807505290615
9478,3939.49897942026
9479,4123.93974576011
9480,3934.8328759675323
9481,4175.5823394100225
9482,4081.7882887323062
9483,4340.240269187985
9484,3843.790787022197
9485,3962.59113002947
9486,4050.8965228568904
9487,4107.443049420029
9488,3803.000610240819
9489,4017.398707543987
9490,3423.297018359385
9491,3860.502104446245
9492,3928.099298860534
9493,3897.47568241939
9494,3783.26666221701
9495,4214.325366959211
9496,3798.21782099597
9497,4236.954138973687
9498,4283.292661953505
9499,3982.5249935217494
9500,4019.7757656598133
9501,3631.8945790589587
9502,4146.890529422168
9503,3985.3462888386216
9504,4072.7690360117904
9505,3502.0230341634683
9506,3725.2687185866553
9507,3960.8473028099897
9508,4003.3045411463236
9509,3888.917738440748
9510,3853.4559700612917
9511,3641.894385800798
9512,4033.1954970372667
9513,3563.986163492619
9514,4193.1749389546185
9515,4004.717494949462
9516,4185.1284103522075
9517,3968.666005130802
9518,4234.981890414876
9519,4170.781611548986
9520,3918.2414816894143
9521,3475.2434919495327
9522,3745.1866331381734
9523,4376.677760922984
9524,4134.674993610722
9525,4020.7310206308193
9526,3960.687966980963
9527,3635.119620758681
9528,3868.1805400497433
9529,3766.44533376079
9530,3834.295321961142
9531,4226.117149599254
9532,4012.4058519762702
9533,3618.9770620736103
9534,4418.56668163575
9535,3874.4258596543677
9536,3596.537018948249
9537,3663.320457334453
9538,3993.024702810729
9539,4602.350519022578
9540,3669.7913558498713
9541,3571.6695270351847
9542,3969.2316931294536
9543,3787.772208838541
9544,4082.7789688284743
9545,3751.6928652008946
9546,3975.693105225179
9547,3788.244392647309
9548,3681.606129876779
9549,3936.541155642176
9550,3787.5453001462156
9551,3944.4732273291447
9552,4144.914262760413
9553,4123.632437556145
9554,3826.487393881078
9555,3772.7760759956423
9556,4379.267316251326
9557,3893.0913732650333
9558,3887.8370875942865
9559,4079.848691246474
9560,4039.2662089791443
9561,3946.465674793057
9562,4247.578067600547
9563,4098.320061155354
9564,4332.7883056741375
9565,4467.352839579896
9566,3625.1015596778284
9567,3837.076254637167
9568,4447.757498247594
9569,3702.061748788602
9570,3876.1101499398346
9571,3871.075762270042
9572,4029.7741786307406
9573,3618.9372678702794
9574,4075.348255147467
9575,3680.9193189846433
9576,3464.6893863681553
9577,3998.083570681706
9578,3805.8340729739066
9579,3898.7731088902756
9580,4058.7447020828886
9581,3646.404128220883
9582,4612.747187930278
9583,4332.243816373799
9584,4434.268492700082
9585,4253.282345132022
9586,4250.420976103496
9587,3635.9514357343232
9588,3989.670188185023
9589,4345.458519740927
9590,4105.871457420174
9591,4366.752255346129
9592,3486.9044217028595
9593,4242.834150115241
9594,4042.3639808043085
9595,4266.566439754659
9596,3912.434929625898
9597,3842.593942394519
9598,3917.554950308867
9599,4484.462933214092
9600,3797.7349178468658
9601,4015.590641547069
9602,4082.0961145445126
9603,3947.245435691135
9604,3780.005490602114
9605,3938.486458653726
9606,4010.123368613102
9607,4055.868769136373
9608,4566.990403891608
9609,3794.5495949393885
9610,3770.5671365091443
9611,4021.4890861278463
9612,3730.9796077730834
9613,4306.630077162644
9614,4097.527825858768
9615,3750.9728686156723
9616,3897.72867694236
9617,3641.504568719407
9618,4364.681505234138
9619,3813.461361188387
9620,3702.1198768681534
9621,3939.0753413010643
9622,4135.955048019159
9623,3918.9773252281184
9624,4210.964783909911
9625,3632.9026343209453
9626,4005.9761994010078
9627,4156.733618582004
9628,4395.35454553385
9629,4558.288297113384
9630,3980.277845611603
9631,4301.589952449996
9632,4065.2492847241147
9633,3672.139426761686
9634,3845.5845100263487
9635,4406.807058305756
9636,4082.5198634108347
9637,4245.795930298986
9638,3747.1425128652527
9639,4282.327223876616
9640,3993.412474418225
9641,4026.096056227653
9642,4023.638544183881
9643,4203.095943179587
9644,4099.735044513044
9645,3600.7743727990714
9646,4551.971787922753
9647,3870.0216730566576
9648,3748.2918702770194
9649,3794.353648396792
9650,4328.300132293951
9651,3924.665406548722
9652,4298.928031454305
9653,4097.215842478462
9654,4130.654655874134
9655,4148.773224434531
9656,4327.296956697318
9657,3885.101997245715
9658,4173.377765918409
9659,3878.7703890773955
9660,3701.457042997777
9661,3707.340942969753
9662,4247.037456480615
9663,4285.860321710215
9664,3970.357740273001
9665,4235.1856742547725
9666,4359.084250119405
9667,3966.867063461328
9668,4024.0381151484144
9669,3977.5566291728123
9670,3928.828474262211
9671,4015.738486959921
9672,3841.2007682884296
9673,4134.259678680795
9674,4052.6974502693156
9675,3596.9346587871205
9676,4160.3547989763
9677,4336.941530977958
9678,4234.895404425824
9679,4158.211622284405
9680,3886.9879369492855
9681,4332.158190104053
9682,3776.3006699740363
9683,4098.92830595641
9684,4010.1070358796
9685,3379.015374015149
9686,4065.3912071309887
9687,4331.23203016129
9688,4068.5196156393977
9689,3867.2686555116134
9690,3471.1572954123726
9691,3783.352604756842
9692,3940.8525773643864
9693,4301.420112604632
9694,3777.6690089171334
9695,3770.0130316363375
9696,4102.9106547140655
9697,4007.7269506332896
9698,3554.3797839036115
9699,4162.394352600506
9700,3652.3732257726388
9701,4081.6708539903148
9702,3911.8266747949806
9703,4155.948674845253
9704,4127.171839794117
9705,4116.6473440152095
9706,3911.341364114556
9707,4175.557143036691
9708,3978.200312511083
9709,3790.842629048273
9710,3813.8885321487833
9711,3925.4718532159222
9712,4287.639407181468
9713,4006.4751203585197
9714,3961.008216219526
9715,4415.921926119271
9716,3851.5752731435605
9717,4163.059082872363
9718,3741.318551652632
9719,3614.7929983664
9720,3808.9041147901403
9721,3860.9429273294063
9722,4321.17162984202
9723,3990.5314196566987
9724,4098.566041707252
9725,3740.4137880940816
9726,4309.780475447378
9727,4209.285904477675
9728,4330.987608462468
9729,4028.0421153488396
9730,4047.086439589116
9731,3872.8833642472036
9732,4462.299260481565
9733,3678.0745734433203
9734,4073.4928029035846
9735,3715.900775619394
9736,4066.9652776153166
9737,3829.804709714793
9738,4133.424068035368
9739,4088.8402942845278
9740,4204.832896376405
9741,3868.8217389837578
9742,3902.843652759763
9743,3820.4424999998673
9744,3967.720099158694
9745,4124.782500853231
9746,3789.755039160279
9747,3851.9289750010576
9748,3510.5467110612162
9749,3880.9308329186783
9750,3966.314714030942
9751,4093.8815061309597
9752,4078.000529426715
9753,4140.761560174831
9754,3800.2752113212214
9755,4207.31195837065
9756,4079.396319663449
9757,3639.8176150658446
9758,4040.0319094917063
9759,3632.49086625888
9760,3854.275145346498
9761,3780.7880101486626
9762,3679.5582286879835
9763,4186.2479429375935
9764,3678.894682058314
9765,4526.711038739003
9766,3670.180950838512
9767,4225.973723231954
9768,4266.513488680543
9769,3592.753375699135
9770,4219.235557647419
9771,4193.390561135527
9772,3812.7502705210927
9773,3974.3049426368952
9774,3771.087434742245
9775,3775.9041350917896
9776,3755.815394017618
9777,3992.2267249334736
9778,4271.24031951327
9779,4166.779817700767
9780,3762.0272446788254
9781,4168.271374183032
9782,4127.500472186659
9783,3785.7132646518603
9784,4406.386579497147
9785,3837.6849900525276
9786,3793.425766813668
9787,3708.18532469844
9788,4394.158720083957
9789,3829.150876850392
9790,4366.395175037889
9791,3703.003430547296
9792,3917.6550861098403
9793,4039.292262614807
9794,4231.066269964695
9795,3880.34027586306
9796,4345.406930467361
9797,3872.2313584288077
9798,4330.932646338128
9799,3620.838769096199
9800,3739.3933423914687
9801,4201.332562596208
9802,4277.341696119383
9803,3950.176941728142
9804,3684.329967695059
9805,4313.413437619717
9806,3543.248494099322
9807,4226.227697507549
9808,3758.9612942554313
9809,4133.702112157535
9810,4177.7237441295465
9811,4080.605102097654
9812,4131.764986508123
9813,3844.007395884054
9814,3992.9025895297927
9815,3759.0202537756727
9816,4400.153532391061
9817,3979.96683030052
9818,4076.8084842079734
9819,3862.717086230949
9820,3680.881935409514
9821,4044.0059399185984
9822,3882.5645682229847
9823,4024.233526625404
9824,3861.3581430881113
9825,3428.37353531781
9826,3907.657205389166
9827,3929.323328937533
9828,4121.4119422029535
9829,3753.3973193819593
9830,4012.30250893562
9831,4323.369780803274
9832,4159.177340901803
9833,4269.640178427176
9834,4008.4556452592337
9835,4193.96052609767
9836,3836.575777179535
9837,3718.784023426055
9838,3902.287157306375
9839,4433.101786465492
9840,4549.362669833687
9841,4445.353671721607
9842,4258.495497666114
9843,4306.262172619547
9844,3976.4282120420385
9845,4107.900642907188
9846,3881.0811797530623
9847,3954.6665457548984
9848,3848.664322692219
9849,3745.9479879253954
9850,3805.344350992361
9851,4067.359443798453
9852,4184.6273766651775
9853,3945.5758513243513
9854,4039.515467418413
9855,4099.948582679438
9856,4140.999341684361
9857,4152.011518986686
9858,4358.534887058332
9859,4017.832108298932
9860,4032.79774919199
9861,4459.066549377814
9862,3961.8731499747187
9863,3969.8955701156206
9864,3969.195389372332
9865,4070.3067729340473
9866,4072.7398314794127
9867,4299.229907075367
9868,4128.855554599519
9869,3912.441045887632
9870,4353.961520272772
9871,4071.459651255963
9872,3776.0794624381033
9873,4240.452317201305
9874,3827.595616529404
9875,4040.975541249773
9876,4407.183006637566
9877,3975.147052770606
9878,4257.007497479108
9879,3379.22934592448
9880,3898.253530280593
9881,4250.421361535873
9882,3598.890020929494
9883,4263.7973252428155
9884,4467.431205542873
9885,3858.8583154522275
9886,3990.2752753960594
9887,4034.5761078360947
9888,4526.460752204863
9889,4065.0602126028903
9890,3998.5645755671094
9891,3817.2923894207934
9892,3742.939422466467
9893,4050.1334320740407
9894,3823.6215866701714
9895,3643.0807881136316
9896,3473.2958133864804
9897,3551.702349898381
9898,4184.66723854377
9899,3661.8005965378943
9900,4329.382794151105
9901,4074.2875496943775
9902,4346.2601412875365
9903,4262.330938921484
9904,3726.680987691663
9905,3954.0646157096576
9906,4097.590751876428
9907,4274.639938584891
9908,3721.0705684285067
9909,4092.4425499899867
9910,3829.025017789235
9911,3929.321782957864
9912,3492.5619420103576
9913,3715.9176515385316
9914,4220.628208646339
9915,3733.382823369758
9916,3753.9967019399996
9917,4321.11858055781
9918,4106.3740884547715
9919,4387.931038199414
9920,4267.565671640808
9921,3928.041460474882
9922,3905.8599613720125
9923,3763.877314943511
9924,3907.391763525516
9925,3814.360591982909
9926,4304.985550405036
9927,3724.632512705279
9928,3661.1622106216423
9929,4150.339555188893
9930,4434.144641473233
9931,4161.704072446043
9932,4202.356716119844
9933,4224.980516931295
9934,4149.075187804029
9935,4582.724347745377
9936,4048.3314510465943
9937,4002.5703035085694
9938,4024.821210524997
9939,4056.66849343146
9940,3931.773838874888
9941,4069.98056160536
9942,3831.8028909265217
9943,3980.8972665331157
9944,3867.3289358650977
9945,4334.557527863038
9946,3808.1538284264752
9947,3913.9061776291046
9948,3592.3737111912324
9949,4089.769635918341
9950,4178.262318476105
9951,4065.3016932912856
9952,3966.380007147924
9953,4269.840940071785
9954,3762.3372415862304
9955,4258.093451510166
9956,3892.756202567398
9957,4069.7315765370113
9958,4113.868384846737
9959,3929.5462704893125
9960,3769.301921094599
9961,3893.587461017527
9962,4175.831036036638
9963,3585.106028887272
9964,3876.917414814845
9965,3984.265641525484
9966,4115.562909365323
9967,3781.9770888641883
9968,4115.98802295681
9969,3616.1813327641785
9970,4150.935111279921
9971,4109.478977098679
9972,4087.0901280459075
9973,3906.76522997243
9974,4310.70537010638
9975,3560.723536750008
9976,3761.0021800497993
9977,4469.111982322195
9978,4091.5456937702693
9979,4176.235137720499
9980,4105.707255504707
9981,4033.3276945404423
9982,3894.0467823958825
9983,4161.809868337373
9984,4136.426583189832
9985,4155.158645414976
9986,3766.9777939333662
9987,4044.9504089747757
9988,3872.8134539195385
9989,4371.964453916122
9990,3702.6682322639
9991,3736.544244509346
9992,4262.983913620162
9993,4061.060248483089
9994,4131.207487817304
9995,3776.1982831815503
9996,4088.313768610317
9997,3946.5765266068565
9998,4016.8413693099365
9999,4373.585022952869
